MapUrl,Company Name,Address,Address 2,EmailAddress,Phone Number,Website Link,Rating,Total Reviews,OpeningHours,Image Url,Latitude,Longitude,Plus Code,Category
https://www.google.com/maps/place/SEO+Kent/@51.2287537;0.7426441;9z/data=!3m1!4b1!4m6!3m5!1s0x47ded556c6eb7e8b:0x71053640e524edb6!8m2!3d51.2287536!4d0.7426441!16s%2Fg%2F11cn5m165f?authuser=0,SEO Kent,,,info@seokent.net; blog@seokent.net,+44 1795 342068,seokent.net,5,19 reviews,Tuesday    9?am–5?pm          Wednesday    9?am–5?pm          Thursday    9?am–5?pm          Friday    9?am–5?pm          Saturday    Closed          Sunday    Closed          Monday    9?am–5?pm,https://lh5.googleusercontent.com/p/AF1QipM8W1uEsg3ulZVoGNpKaucEhxW7OrEast7nH2Fh=w408-h408-k-no,51.2287537,0.7426441,,Internet marketing service
https://www.google.com/maps/place/DigiVisi+-+SEO+Company+Kent/@51.3666281;1.1337725;17z/data=!3m1!4b1!4m6!3m5!1s0x48761d48cbe73827:0x6bc77984c972a68a!8m2!3d51.3666281!4d1.1337725!16s%2Fg%2F11r8mm6tc1?authuser=0,DigiVisi - SEO Company Kent,29 Douglas Rd; Herne Bay CT6 6AE; United Kingdom,,hello@digivisi.co.uk; nick@digivisi.co.uk,+44 1227 678056,digivisi.co.uk,5,14 reviews,Tuesday    9?am–5?pm          Wednesday    9?am–5?pm          Thursday    9?am–5?pm          Friday    9?am–5?pm          Saturday    Closed          Sunday    Closed          Monday    9?am–5?pm,https://lh5.googleusercontent.com/p/AF1QipP_YGewvay5sT_kXwnBOPkRBu-23T7K2gHnHpht=w408-h306-k-no,51.3666281,1.1337725,948M+MG Herne Bay; United Kingdom,Internet marketing service
https://www.google.com/maps/place/Kayo+Digital/@51.312039;0.7276193;17z/data=!3m1!4b1!4m6!3m5!1s0x47df2b222a997f7b:0x13e8a4a8fbcee069!8m2!3d51.312039!4d0.7276193!16s%2Fg%2F11kln6w_dt?authuser=0,Kayo Digital,Kent Science Park; 29; The Innovation Building; Sittingbourne ME9 8HL; United Kingdom,,hello@kayo.digit; hello@rocket.uk.com; sales@kayo.digit,+44 1795 255600,kayo.digital,4.9,28 reviews,Tuesday    9?am–5:30?pm          Wednesday    9?am–5:30?pm          Thursday    9?am–5:30?pm          Friday    9?am–5:30?pm          Saturday    Closed          Sunday    Closed          Monday    9?am–5:30?pm,https://lh5.googleusercontent.com/p/AF1QipPmd9CC_ufeJL0itupg2122O3btmQ8nfJ3a71vw=w408-h300-k-no,51.312039,0.7276193,8P6H+R2 Sittingbourne; United Kingdom,Internet marketing service
https://www.google.com/maps/place/Social+Thriver+-+Digital+marketing+made+easy/@51.1963962;0.7426441;9z/data=!3m1!4b1!4m6!3m5!1s0x47df33aad84ba807:0xc5f582b42096710b!8m2!3d51.1963962!4d0.7426441!16s%2Fg%2F11pb7d3_xq?authuser=0,Social Thriver - Digital marketing made easy,,,stinfo@socialthriver.co.uk,,socialthriver.co.uk,5,9 reviews,Tuesday    9?am–7?pm          Wednesday    9?am–7?pm          Thursday    9?am–7?pm          Friday    9?am–7?pm          Saturday    9?am–2?pm          Sunday    Closed          Monday    9?am–7?pm,https://lh5.googleusercontent.com/p/AF1QipOi6LqcWaI01q7xcCs6jI1JrWNgFzm1Ysh_odtN=w408-h407-k-no,51.1963962,0.7426441,,Marketing agency
https://www.google.com/maps/place/Site+and+Search+Ltd/@47.73855;12.5088275;4z/data=!3m1!4b1!4m6!3m5!1s0x47df35438ee00ce5:0xf03d340281ec51f8!8m2!3d47.73855!4d12.5088275!16s%2Fg%2F11hkpr7s_s?authuser=0,Site and Search Ltd,,,hello@siteandsearch.co.uk,+44 7880 704348,siteandsearch.co.uk,5,7 reviews,Tuesday    9?am–5?pm          Wednesday    9?am–5?pm          Thursday    9?am–5?pm          Friday    9?am–4?pm          Saturday    Closed          Sunday    Closed          Monday    9?am–5?pm,https://lh5.googleusercontent.com/p/AF1QipN6iB36SoVW4rTPRIOB3tbX7tSw5BXzT43KfKyw=w408-h408-k-no,47.73855,12.5088275,,Marketing agency
https://www.google.com/maps/place/Blue+Moxie+Digital+Marketing+Agency/@51.2730242;0.5210896;17z/data=!3m1!4b1!4m6!3m5!1s0x47d8cd2bc4b3c189:0x8f635a3922f86a84!8m2!3d51.2730242!4d0.5210896!16s%2Fg%2F11h5vfxxph?authuser=0,Blue Moxie Digital Marketing Agency,Blue Moxie The WonderHub Sunley House 14-19; Middle Row; Maidstone ME14 1TG; United Kingdom,,,+44 1622 933829,bluemoxie.co.uk,5,15 reviews,Tuesday    9?am–5?pm          Wednesday    9?am–5?pm          Thursday    9?am–5?pm          Friday    9?am–5?pm          Saturday    Closed          Sunday    Closed          Monday    9?am–5?pm,https://lh5.googleusercontent.com/p/AF1QipM8via1KNDN3VmoYbAnH_UaiccydgnkOHEgZ6oU=w426-h240-k-no,51.2730242,0.5210896,7GFC+6C Maidstone; United Kingdom,Marketing agency
https://www.google.com/maps/place/Tangible+Digital/@51.2710046;0.5239378;17z/data=!3m1!4b1!4m6!3m5!1s0x47df3177ec3eebd3:0xecc4161ecc4192f0!8m2!3d51.2710046!4d0.5239378!16s%2Fg%2F11hz2br8r9?authuser=0,Tangible Digital,113; Kestrel House; Knightrider St; Maidstone ME15 6LU; United Kingdom,,mike@tangibledigital.co.uk,+44 7593 450742,tangibledigital.co.uk,5,12 reviews,Tuesday    7:30?am–6?pm          Wednesday    7:30?am–6?pm          Thursday    7:30?am–6?pm          Friday    7:30?am–6?pm          Saturday    Closed          Sunday    Closed          Monday    7:30?am–6?pm,https://streetviewpixels-pa.googleapis.com/v1/thumbnail?panoid=e3fVKkb_1dLukTgNqklqbA&cb_client=search.gws-prod.gps&w=408&h=240&yaw=222.27257&pitch=0&thumbfov=100,51.2710046,0.5239378,7GCF+CH Maidstone; United Kingdom,Marketing agency
https://www.google.com/maps/place/Reddico/@51.1883812;0.3537411;17z/data=!3m1!4b1!4m6!3m5!1s0x47df480ee9fe5689:0xe8cc482ec06095b3!8m2!3d51.1883812!4d0.3537411!16s%2Fg%2F11c504qkqh?authuser=0,Reddico,Moat Farm Oast; Five Oak Green; Tonbridge TN12 6RR; United Kingdom,,hello@reddico.co.uk,+44 1892 320800,reddico.co.uk,5,37 reviews,Tuesday    9?am–5:30?pm          Wednesday    9?am–5:30?pm          Thursday    9?am–5:30?pm          Friday    9?am–5:30?pm          Saturday    Closed          Sunday    Closed          Monday    9?am–5:30?pm,https://lh5.googleusercontent.com/p/AF1QipPlO45GJ11VNAkAariKny0Y-yMg_P1Ne8DGF-0f=w408-h272-k-no,51.1883812,0.3537411,59Q3+9F Tonbridge; United Kingdom,Marketing agency
https://www.google.com/maps/place/3SIX5+Digital/@51.2705673;0.5240363;17z/data=!3m1!4b1!4m6!3m5!1s0x47d8cd8de238e8a5:0xb4a50b1141ce13cb!8m2!3d51.2705673!4d0.5240363!16s%2Fg%2F11gyysbj2z?authuser=0,3SIX5 Digital,Bizspace; Knightrider St; Maidstone ME15 6LP; United Kingdom,,admin@3six5digital.co.uk,+44 808 186 6365,3six5digital.co.uk,5,10 reviews,,https://lh5.googleusercontent.com/p/AF1QipMS7uR8NpchCvMuhci-0QsHeCcGeVmRYjqNXJRJ=w408-h324-k-no,51.2705673,0.5240363,7GCF+6J Maidstone; United Kingdom,Design agency
https://www.google.com/maps/place/Tale+Digital+Ltd/@51.1944244;0.2785192;17z/data=!3m1!4b1!4m6!3m5!1s0x47df4f4caf3c7101:0x62980f9f6ad5d2e8!8m2!3d51.1944244!4d0.2785192!16s%2Fg%2F11c2qg__s1?authuser=0,Tale Digital Ltd,8 Whitefriars Wharf; Tonbridge TN9 1QP; United Kingdom,,hello@taledigital.co.uk,,taledigital.co.uk,5,14 reviews,Tuesday    8?am–5?pm          Wednesday    8?am–5?pm          Thursday    8?am–5?pm          Friday    8?am–5?pm          Saturday    Closed          Sunday    Closed          Monday    8?am–5?pm,https://streetviewpixels-pa.googleapis.com/v1/thumbnail?panoid=Xp_hB5VqyZkUcB4KpHbMvQ&cb_client=search.gws-prod.gps&w=408&h=240&yaw=163.7704&pitch=0&thumbfov=100,51.1944244,0.2785192,57VH+QC Tonbridge; United Kingdom,Internet marketing service
https://www.google.com/maps/place/Gooey+Digital/@51.2665961;1.1881592;17z/data=!3m1!4b1!4m6!3m5!1s0x47dead9811c00001:0xd2405b903addfad5!8m2!3d51.2665961!4d1.1881592!16s%2Fg%2F11df3xyp28?authuser=0,Gooey Digital,Bramling House; Bramling CT3 1NB; United Kingdom,,nick@gooeydigital.co.uk; holly@gooeydigital.co.uk; alex@gooeydigital.co.uk,+44 1227 455896,gooeydigital.co.uk,5,9 reviews,Tuesday    8:30?am–5:30?pm          Wednesday    8:30?am–5:30?pm          Thursday    8:30?am–5:30?pm          Friday    8:30?am–5:30?pm          Saturday    Closed          Sunday    Closed          Monday    8:30?am–5:30?pm,https://lh5.googleusercontent.com/p/AF1QipPVAgzkA410PD0WhFI5sFQvA-KXlv5wk-KOr2M=w408-h271-k-no,51.2665961,1.1881592,758Q+J7 Bramling; Canterbury; UK,Marketing agency
https://www.google.com/maps/place/Dzines+Digital/@51.081102;1.183983;17z/data=!3m1!4b1!4m6!3m5!1s0x47debecf09eeb00b:0xd79ba93eb31c461!8m2!3d51.081102!4d1.183983!16s%2Fg%2F11bzrbsz3r?authuser=0,Dzines Digital,3rd Floor; The Workshop; 32 - 40 Tontine Street; Folkestone CT20 1JU; United Kingdom,,hello@dzines.co.uk; tony@dzines.co.uk,+44 1303 764263,dzines.co.uk,5,33 reviews,Tuesday    10?am–6?pm          Wednesday    10?am–6?pm          Thursday    10?am–6?pm          Friday    10?am–6?pm          Saturday    Closed          Sunday    Closed          Monday    10?am–6?pm,https://lh5.googleusercontent.com/p/AF1QipN01smPEnjBsFsXfHyb6XkQ72v2e9v9Y3_UaAEI=w408-h306-k-no,51.081102,1.183983,35JM+CH Folkestone; United Kingdom,Website designer
https://www.google.com/maps/place/Signature+Image+Consultants+-+Kent+SEO;+Web+Development+%26+Digital+Marketing+Company/@51.2452285;0.5429393;17z/data=!3m1!4b1!4m6!3m5!1s0x47df32340d74f259:0xb25119e932d7442e!8m2!3d51.2452285!4d0.5429393!16s%2Fg%2F1tf5d0f0?authuser=0,Signature Image Consultants - Kent SEO; Web Development &amp; Digital Marketing Company,10 Coverdale Ave; Maidstone ME15 9DR; United Kingdom,,legal@signature.eu.com,+44 1622 744659,signature.eu.com,5,7 reviews,Tuesday    9?am–5:30?pm          Wednesday    9?am–5:30?pm          Thursday    9?am–5:30?pm          Friday    9?am–5:30?pm          Saturday    Closed          Sunday    Closed          Monday    9?am–5:30?pm,https://lh5.googleusercontent.com/p/AF1QipPoR5sY1lLdSECbYcOsqMcU7JSr-Lv5ziGthojx=w408-h255-k-no,51.2452285,0.5429393,6GWV+35 Maidstone; United Kingdom,Website designer
https://www.google.com/maps/place/Wonderful/@51.2730951;0.5213394;17z/data=!3m1!4b1!4m6!3m5!1s0x47df323b4799298b:0xb39161ec0c692136!8m2!3d51.2730951!4d0.5213394!16s%2Fg%2F1w0sc4cq?authuser=0,Wonderful,V Bar Sunley House; Floor 1 The WonderHub; 14-19 Middle Row; Maidstone ME14 1TG; United Kingdom,,hello@bewonderful.co.uk; website@divi.bewonderful.co.uk; headoffice@bewonderful.co.uk,+44 1622 686228,bewonderful.co.uk,4.9,15 reviews,Tuesday    9?am–5:30?pm          Wednesday    9?am–5:30?pm          Thursday    9?am–5:30?pm          Friday    9?am–5:30?pm          Saturday    Closed          Sunday    Closed          Monday    9?am–5:30?pm,https://lh5.googleusercontent.com/p/AF1QipPrz7yLtUIywFezIwGRQpfU_VJN7pDQc1nK0aAF=w408-h272-k-no,51.2730951,0.5213394,7GFC+6G Maidstone; United Kingdom,Marketing agency
https://www.google.com/maps/place/HOLO+Digital/@51.3796655;0.358438;17z/data=!3m1!4b1!4m6!3m5!1s0x47d8b571beec10ad:0xe9ac259087f299b5!8m2!3d51.3796655!4d0.358438!16s%2Fg%2F11f288ywcc?authuser=0,HOLO Digital,15 The Pippins; Meopham; Gravesend DA13 0HB; United Kingdom,,laurence@holodigital.co.uk; hello@holodigital.co.uk,+44 20 8123 2182,holodigital.co.uk,4.8,16 reviews,Tuesday    9?am–5?pm          Wednesday    9?am–5?pm          Thursday    9?am–5?pm          Friday    9?am–5?pm          Saturday    Closed          Sunday    Closed          Monday    9?am–5?pm,https://lh5.googleusercontent.com/p/AF1QipN-W6vTrc-9IjON5gC0PURwVtdrxETpn9oBmPwK=w630-h240-k-no,51.3796655,0.358438,99H5+V9 Gravesend; United Kingdom,Marketing agency
https://www.google.com/maps/place/TME+Digital+Ltd/@51.2930423;0.4377044;17z/data=!3m1!4b1!4m6!3m5!1s0x47df323ac4d2903b:0xb7f29771fd710447!8m2!3d51.2930423!4d0.4377044!16s%2Fg%2F1tf_ml9_?authuser=0,TME Digital Ltd,The Oast Emr Centre; New Rd; East Malling ME19 6BJ; United Kingdom,,info@tme.digit,+44 800 634 8600,tme.digital,4.7,14 reviews,Tuesday    9?am–5:30?pm          Wednesday    9?am–5:30?pm          Thursday    9?am–5:30?pm          Friday    9?am–5:30?pm          Saturday    Closed          Sunday    Closed          Monday    9?am–5:30?pm,https://streetviewpixels-pa.googleapis.com/v1/thumbnail?panoid=XLbb_rSU_Gjeg7yJrOMVvA&cb_client=search.gws-prod.gps&w=408&h=240&yaw=231.4161&pitch=0&thumbfov=100,51.2930423,0.4377044,7CVQ+63 East Malling; United Kingdom,Website designer
https://www.google.com/maps/place/Sonet+Digital/@51.278761;1.078173;17z/data=!3m1!4b1!4m6!3m5!1s0x47deca5b72943ec7:0x108ec20b73971c5b!8m2!3d51.278761!4d1.078173!16s%2Fg%2F11gzgdh0j?authuser=0,Sonet Digital,Studio 1; 77 Stour St.; Canterbury CT1 2NR; United Kingdom,,,+44 1227 467988,sonet.digital,5,8 reviews,Tuesday    9?am–6?pm          Wednesday    9?am–6?pm          Thursday    9?am–6?pm          Friday    9?am–6?pm          Saturday    Closed          Sunday    Closed          Monday    9?am–6?pm,https://lh5.googleusercontent.com/p/AF1QipPDLJQ-kpk8CAac7CjD6D8olPyayfCZbGol0M6U=w408-h343-k-no,51.278761,1.078173,73HH+G7 Canterbury; United Kingdom,Internet marketing service
https://www.google.com/maps/place/Project+64/@51.2381568;0.5332731;17z/data=!3m1!4b1!4m6!3m5!1s0x47df322eb162f0a1:0x936991ab4ebd2d0d!8m2!3d51.2381568!4d0.5332731!16s%2Fg%2F1yh9tswsb?authuser=0,Project 64,Honeymellow Springs; Bottlescrew Hill; Boughton Monchelsea; Maidstone ME17 4LY; United Kingdom,,hello@project64.co.uk,+44 1622 826027,project64.co.uk,5,61 reviews,Tuesday    9?am–5:30?pm          Wednesday    9?am–5:30?pm          Thursday    9?am–5:30?pm          Friday    9?am–5:30?pm          Saturday    9?am–5:30?pm          Sunday    9?am–5:30?pm          Monday    9?am–5:30?pm,https://lh5.googleusercontent.com/p/AF1QipPMEBJMhisAbmNwrTJdLOFVnUbjPywTNvIxa6S6=w427-h240-k-no,51.2381568,0.5332731,6GQM+78 Maidstone; United Kingdom,Marketing agency
https://www.google.com/maps/place/CP+Digital+Marketing+Ltd/@51.2934098;0.3699794;17z/data=!3m1!4b1!4m6!3m5!1s0x47df4a777140c0fd:0xc3e69484633cc1fe!8m2!3d51.2934098!4d0.3699794!16s%2Fg%2F1thg9r84?authuser=0,CP Digital Marketing Ltd,Southlands; Teston Rd; Offham ME19 5PD; United Kingdom,,info@cp-digital.co.uk,+44 7775 680012,cp-digital.co.uk,5,5 reviews,Tuesday    9?am–5?pm          Wednesday    9?am–5?pm          Thursday    9?am–5?pm          Friday    9?am–5?pm          Saturday    Closed          Sunday    Closed          Monday    9?am–5?pm,https://lh5.googleusercontent.com/p/AF1QipO3mnSWJ8gMSgmhUG_PThwmVdkl4cb8OHX8Iw9A=w426-h240-k-no,51.2934098,0.3699794,79V9+9X Offham; West Malling; UK,Internet marketing service
https://www.google.com/maps/place/Smoking+Chili+Media/@51.4262207;0.0989605;17z/data=!3m1!4b1!4m6!3m5!1s0x47d8ac015062e7ab:0x890cedac063a946!8m2!3d51.4262207!4d0.0989605!16s%2Fg%2F11c4c1cmjt?authuser=0,Smoking Chili Media,Onega House; 112 Main Rd; Sidcup DA14 6NE; United Kingdom,,info@smokingchilimedia.com,+44 20 3289 5595,smokingchilimedia.com,5,7 reviews,Tuesday    9?am–6?pm          Wednesday    9?am–6?pm          Thursday    9?am–6?pm          Friday    9?am–6?pm          Saturday    Closed          Sunday    Closed          Monday    9?am–6?pm,https://lh5.googleusercontent.com/p/AF1QipOhfzAZ680HkkSi44u4q3e0Dhl34fdV041sYhN1=w408-h408-k-no,51.4262207,0.0989605,C3GX+FH Sidcup; United Kingdom,Internet marketing service
https://www.google.com/maps/place/Johnston+Marketing+Limited/@51.3764436;1.3850975;17z/data=!3m1!4b1!4m6!3m5!1s0x47d95302317d4de7:0x17fb3c29a68a3d1e!8m2!3d51.3764436!4d1.3850975!16s%2Fg%2F11jh4bppbj?authuser=0,Johnston Marketing Limited,3 Nash Ct Rd; Margate CT9 4DJ; United Kingdom,,info@johnston-marketing.co.uk,+44 1843 491229,johnston-marketing.co.uk,5,91 reviews,Tuesday    9?am–6?pm          Wednesday    9?am–6?pm          Thursday    9?am–6?pm          Friday    9?am–6?pm          Saturday    9?am–2?pm          Sunday    Closed          Monday    9?am–6?pm,https://lh5.googleusercontent.com/p/AF1QipOpR3kqsgUGZW3EUfoDdNwZqk8iXKUhr1OI6uEE=w408-h408-k-no,51.3764436,1.3850975,99GP+H2 Margate; United Kingdom,Marketing agency
https://www.google.com/maps/place/Sitewizard+Ltd/@51.2752764;0.5311389;17z/data=!3m1!4b1!4m6!3m5!1s0x47df323b75176c1f:0xecc54aa10be0dcf0!8m2!3d51.2752764!4d0.5311389!16s%2Fg%2F1wnbx92x?authuser=0,Sitewizard Ltd,Lydean House; 30-34 Albion Pl; Maidstone ME14 5DZ; United Kingdom,,enquiries@sitewizard.co.uk; support@sitewizard.co.uk; headofsales@sitewizard.co.uk; info@sitewizard.co.uk,+44 1622 200045,sitewizard.co.uk,4,49 reviews,Tuesday    8:30?am–5?pm          Wednesday    8:30?am–5?pm          Thursday    8:30?am–5?pm          Friday    8:30?am–5?pm          Saturday    Closed          Sunday    Closed          Monday    8:30?am–5?pm,https://lh5.googleusercontent.com/p/AF1QipNadjs4BRBhQWd7X6uhntZLo9Y8h3g4auncYz4k=w408-h306-k-no,51.2752764,0.5311389,7GGJ+4F Maidstone; United Kingdom,Website designer
https://www.google.com/maps/place/RankFresh/@51.1330753;0.2653212;17z/data=!3m1!4b1!4m6!3m5!1s0x47df44326bc4a1ff:0xb4c896404812508a!8m2!3d51.1330753!4d0.2653212!16s%2Fg%2F1hm3rn5xw?authuser=0,RankFresh,29-31 Monson Rd; Tunbridge Wells TN1 1LS; United Kingdom,,nick@rankfresh.com,+44 1892 711175,rankfresh.com,5,9 reviews,Tuesday    9?am–5?pm          Wednesday    9?am–5?pm          Thursday    9?am–5?pm          Friday    9?am–5?pm          Saturday    Closed          Sunday    Closed          Monday    9?am–5?pm,https://streetviewpixels-pa.googleapis.com/v1/thumbnail?panoid=10DhPagMQVGLloQlxFIyEQ&cb_client=search.gws-prod.gps&w=408&h=240&yaw=184.98613&pitch=0&thumbfov=100,51.1330753,0.2653212,47M8+64 Tunbridge Wells; United Kingdom,Internet marketing service
https://www.google.com/maps/place/Whitefish+Marketing/@51.0811022;1.1839825;17z/data=!3m1!4b1!4m6!3m5!1s0x47debecf0c738a1d:0xb158a9e789fdde05!8m2!3d51.0811022!4d1.1839825!16s%2Fg%2F1q67djfwg?authuser=0,Whitefish Marketing,The Workshop; 32 - 40 Tontine Street; Folkestone CT20 1JU; United Kingdom,,hello@whitefishmarketing.co.uk,+44 1303 720288,whitefishmarketing.co.uk,5,33 reviews,Tuesday    9?am–5?pm          Wednesday    9?am–5?pm          Thursday    9?am–5?pm          Friday    9?am–5?pm          Saturday    Closed          Sunday    Closed          Monday    9?am–5?pm,https://lh5.googleusercontent.com/p/AF1QipOc1pGOBpeKQGD-O_Ff5Rlf1RNr1zw3Vm58NrFx=w424-h240-k-no,51.0811022,1.1839825,35JM+CH Folkestone; United Kingdom,Internet marketing service
https://www.google.com/maps/place/Clockwork+Moggy/@51.382634;0.517884;17z/data=!3m1!4b1!4m6!3m5!1s0x47df2d2c85cdc4a9:0x3940e6a6b0423956!8m2!3d51.382634!4d0.517884!16s%2Fg%2F1w0h6sy0?authuser=0,Clockwork Moggy,Clockwork Moggy; Dragon Coworking; 7-8 New Rd Ave; Rochester; Chatham ME4 6BB; United Kingdom,,,+44 20 7550 9350,clockworkmoggy.com,5,28 reviews,Tuesday    9?am–5?pm          Wednesday    9?am–5?pm          Thursday    9?am–5?pm          Friday    9?am–5?pm          Saturday    Closed          Sunday    Closed          Monday    9?am–5?pm,https://lh5.googleusercontent.com/p/AF1QipMmoK17ByEfHB3U99y1ch8SzUYufN7I5eaf3U72=w408-h408-k-no,51.382634,0.517884,9GM9+35 Chatham; United Kingdom,Marketing agency
https://www.google.com/maps/place/Sleeping+Giant+Media/@51.0794786;1.1699223;17z/data=!3m1!4b1!4m6!3m5!1s0x47debed81d8e28db:0xc7b3286d79d095b7!8m2!3d51.0794786!4d1.1699223!16s%2Fg%2F12hrpjyrx?authuser=0,Sleeping Giant Media,Top Floor The Civic Centre; Castle Hill Ave; Folkestone CT20 2QY; United Kingdom,,danny.w@sleepinggiantmedia.co.uk; hello@sleepinggiantmedia.co.uk; nell@sleepinggiantmedia.co.uk,+44 1303 240715,sleepinggiantmedia.co.uk,4.5,11 reviews,Tuesday    9?am–5:30?pm          Wednesday    9?am–5:30?pm          Thursday    9?am–5:30?pm          Friday    9?am–5:30?pm          Saturday    Closed          Sunday    Closed          Monday    9?am–5:30?pm,https://lh5.googleusercontent.com/p/AF1QipOTZKu6n1xD4s0rGnYHy802mGiFJ08j2cbxB8a6=w408-h288-k-no,51.0794786,1.1699223,35H9+QX Folkestone; United Kingdom,Internet marketing service
https://www.google.com/maps/place/YONET+Web+Design/@51.2604611;0.5621039;17z/data=!3m1!4b1!4m6!3m5!1s0x487610cf9955c7b1:0xb4c1ec53ea29c5ad!8m2!3d51.2604611!4d0.5621039!16s%2Fg%2F1tj95xf1?authuser=0,YONET Web Design,33 Reinden Grove; Downswood; Maidstone ME15 8TH; United Kingdom,,hello@yonet.co.uk; info@yonet.co.uk,+44 7411 090318,yonet.co.uk,5,47 reviews,Tuesday    9?am–7?pm          Wednesday    9?am–7?pm          Thursday    9?am–7?pm          Friday    9?am–7?pm          Saturday    11?am–3?pm          Sunday    Closed          Monday    9?am–7?pm,https://lh5.googleusercontent.com/p/AF1QipPfZlvNXZT_QH1ucNfyedGCFYLy75jB5xxZz8zc=w426-h240-k-no,51.2604611,0.5621039,7H66+5R Maidstone; United Kingdom,Website designer
https://www.google.com/maps/place/Minerva+Creative/@51.2756539;0.519478;17z/data=!3m1!4b1!4m6!3m5!1s0x47df2947a9df736b:0xfc56564818c42036!8m2!3d51.2756539!4d0.519478!16s%2Fg%2F11fx7v48s3?authuser=0,Minerva Creative,Suite M2; The Old Library; St Faith's St; Maidstone ME14 1LH; United Kingdom,,info@minervacreative.co.uk,+44 800 180 4085,minervacreative.co.uk,5,5 reviews,Tuesday    9?am–5?pm          Wednesday    9?am–5?pm          Thursday    9?am–5?pm          Friday    9?am–5?pm          Saturday    Closed          Sunday    Closed          Monday    9?am–5?pm,https://lh5.googleusercontent.com/p/AF1QipOrvfTdJqjlkRLQhpiHA50TKpl3KkZhSHmogRWd=w426-h240-k-no,51.2756539,0.519478,7GG9+7Q Maidstone; United Kingdom,Internet marketing service
https://www.google.com/maps/place/Think+Studio/@51.2667021;1.188264;17z/data=!3m1!4b1!4m6!3m5!1s0x47decbca73c8b713:0x1d5bb2e461175569!8m2!3d51.2667021!4d1.188264!16s%2Fg%2F1tctdwv8?authuser=0,Think Studio,Bramling House; Bramling; Canterbury CT3 1NB; United Kingdom,,info@think.studi,+44 1227 808040,think.studio,5,24 reviews,Tuesday    8:30?am–5:30?pm          Wednesday    8:30?am–5:30?pm          Thursday    8:30?am–5:30?pm          Friday    8:30?am–5:30?pm          Saturday    Closed          Sunday    Closed          Monday    8:30?am–5:30?pm,https://lh5.googleusercontent.com/p/AF1QipNHu1ulSVWyFjR5uC1wiBN2q_nBMLNMQUAyWkLF=w480-h240-k-no,51.2667021,1.188264,758Q+M8 Canterbury; United Kingdom,Marketing agency
https://www.google.com/maps/place/Esabi/@51.2920943;1.0646226;17z/data=!3m1!4b1!4m6!3m5!1s0x47decba37e86b0db:0xe58c37df7c27534a!8m2!3d51.2920943!4d1.0646226!16s%2Fg%2F1pzrqf_sx?authuser=0,Esabi,Canterbury Innovation Centre; University Rd; Canterbury CT2 7FG; United Kingdom,,,+44 1227 806214,esabi.co.uk,5,5 reviews,Tuesday    9?am–5?pm          Wednesday    9?am–5?pm          Thursday    9?am–5?pm          Friday    9?am–5?pm          Saturday    Closed          Sunday    Closed          Monday    9?am–5?pm,https://lh5.googleusercontent.com/p/AF1QipOS3fFpxvxycIycAbAjSGOczvRNwCyNlw5YBRQ=w408-h252-k-no,51.2920943,1.0646226,73R7+RR Canterbury; United Kingdom,Internet marketing service
https://www.google.com/maps/place/I+Do+Marketing+Ltd/@51.2921395;1.0646273;17z/data=!3m1!4b1!4m6!3m5!1s0x47deca8f63add6d7:0xb54cf9f1e7bb7cb6!8m2!3d51.2921395!4d1.0646273!16s%2Fg%2F11c37l37gp?authuser=0,I Do Marketing Ltd,Canterbury Innovation Centre; University Rd; Canterbury CT2 7FG; United Kingdom,,hello@idomarketing.co.uk; lydia@idomarketing.co.uk; suzanne@idomarketing.co.uk,+44 1227 200585,idomarketing.co.uk,4.9,41 reviews,Tuesday    9?am–5?pm          Wednesday    9?am–5?pm          Thursday    9?am–5?pm          Friday    9?am–5?pm          Saturday    Closed          Sunday    Closed          Monday    9?am–5?pm,https://lh5.googleusercontent.com/p/AF1QipPtA5TQSVq2no7C53uOQHr7N5sXApw3bBhNsdu2=w426-h240-k-no,51.2921395,1.0646273,73R7+VV Canterbury; United Kingdom,Marketing agency
https://www.google.com/maps/place/Patch+Marketing/@51.1373661;0.2671468;17z/data=!3m1!4b1!4m6!3m5!1s0x48761b51ee2343ab:0x170797dd3f081ac7!8m2!3d51.1373661!4d0.2671468!16s%2Fg%2F11cs04lrjy?authuser=0,Patch Marketing,The Warehouse; Hill St; Tunbridge Wells TN1 2BY; United Kingdom,,info@patch.marke,+44 20 7952 1740,patch.marketing,5,8 reviews,Tuesday    9?am–5:30?pm          Wednesday    9?am–5:30?pm          Thursday    9?am–5:30?pm          Friday    9?am–1?pm          Saturday    Closed          Sunday    Closed          Monday    9?am–5:30?pm,https://lh5.googleusercontent.com/p/AF1QipPX2lGxUKLYkk_oV1r5etf0NpXEHNY0iidSZkV3=w408-h342-k-no,51.1373661,0.2671468,47P8+WV Tunbridge Wells; United Kingdom,Marketing agency
https://www.google.com/maps/place/OA+Design+Services/@51.2972936;0.4656757;17z/data=!3m1!4b1!4m6!3m5!1s0x47df3548a865957b:0x5cbcfae55e206deb!8m2!3d51.2972936!4d0.4656757!16s%2Fg%2F11rcy7vxb9?authuser=0,OA Design Services,21 Teapot Ln; Aylesford ME20 7JX; United Kingdom,,services@fixthephoto.com; 20info@oadesignservices.co.uk; accessible@oadesignservices.co.uk,+44 7716 044122,oadesignservices.co.uk,5,5 reviews,Tuesday    Open 24 hours          Wednesday    Open 24 hours          Thursday    Open 24 hours          Friday    Open 24 hours          Saturday    Open 24 hours          Sunday    Open 24 hours          Monday    Open 24 hours,https://lh5.googleusercontent.com/p/AF1QipNvd1ctfzU-CSqKqtmWpEXIA6yFYAFNTMrStycD=w408-h408-k-no,51.2972936,0.4656757,7FW8+W7 Aylesford; United Kingdom,Marketing agency
https://www.google.com/maps/place/Target+Ink+Ltd/@51.1311014;0.2527331;17z/data=!3m1!4b1!4m6!3m5!1s0x47df45c06a1b2e3b:0x734bc358f1f7fcec!8m2!3d51.1311014!4d0.2527331!16s%2Fg%2F1x5f9n48?authuser=0,Target Ink Ltd,Target Ink Ltd; The Studio; 85 Mount Ephraim; Tunbridge Wells TN4 8BU; United Kingdom,,info@targetink.co.uk; compliance@targetink.co.uk,+44 1892 800400,targetink.co.uk,5,9 reviews,Tuesday    9:30?am–5:30?pm          Wednesday    9:30?am–5:30?pm          Thursday    9:30?am–5:30?pm          Friday    9:30?am–5:30?pm          Saturday    Closed          Sunday    Closed          Monday    9:30?am–5:30?pm,https://lh5.googleusercontent.com/p/AF1QipPtuPKttfuGKxQwahn5WTtFREC4L3ufTgho_XuA=w473-h240-k-no,51.1311014,0.2527331,47J3+C3 Tunbridge Wells; United Kingdom,Website designer
https://www.google.com/maps/place/LSA+Agency/@51.2887093;0.5348663;17z/data=!3m1!4b1!4m6!3m5!1s0x47df3326ed9621d7:0x60b0fd97663d5997!8m2!3d51.2887093!4d0.5348663!16s%2Fg%2F11m_wssyzh?authuser=0,LSA Agency,7 Sandling Ln; Penenden Heath; Maidstone ME14 2HP; United Kingdom,,info@localseoagency.co.za; seouk@localseoagency.co.za; heinrich@localseoagency.co.za,+44 7930 520808,localseoagency.co.za,5,4 reviews,Tuesday    8?am–5?pm          Wednesday    8?am–5?pm          Thursday    8?am–5?pm          Friday    8?am–5?pm          Saturday    Closed          Sunday    Closed          Monday    8?am–5?pm,https://streetviewpixels-pa.googleapis.com/v1/thumbnail?panoid=DMUNKxsOnlaEREcRadCZWg&cb_client=search.gws-prod.gps&w=408&h=240&yaw=205.44939&pitch=0&thumbfov=100,51.2887093,0.5348663,7GQM+FW Maidstone; United Kingdom,Marketing agency
https://www.google.com/maps/place/SEO+Pro+Kent/@51.2746151;1.162117;17z/data=!3m1!4b1!4m6!3m5!1s0x47deb24a3c9e5ffd:0x2f6cfa4c2f877f4!8m2!3d51.2746151!4d1.162117!16s%2Fg%2F1vfwc3pv?authuser=0,SEO Pro Kent,18 The Hill; Littlebourne; Canterbury CT3 1TA; United Kingdom,,,+44 7415 761974,seoprokent.co.uk,5,2 reviews,Tuesday    9?am–5?pm          Wednesday    9?am–5?pm          Thursday    9?am–5?pm          Friday    9?am–5?pm          Saturday    Closed          Sunday    Closed          Monday    9?am–5?pm,https://streetviewpixels-pa.googleapis.com/v1/thumbnail?panoid=Gei9jFvo2Jw7m0vf38e7ng&cb_client=search.gws-prod.gps&w=408&h=240&yaw=29.024017&pitch=0&thumbfov=100,51.2746151,1.162117,75F6+RR Canterbury; United Kingdom,Internet marketing service
https://www.google.com/maps/place/Warp+Design/@51.1514711;0.8862523;17z/data=!3m1!4b1!4m6!3m5!1s0x47deda40a34f2e27:0x6e80baa429e9c56f!8m2!3d51.1514711!4d0.8862523!16s%2Fg%2F1hm36drg0?authuser=0,Warp Design,Unit 9 Highpoint Business Village; Henwood; Ashford TN24 8DH; United Kingdom,,,+44 1233 884761,warp-design.co.uk,5,18 reviews,Tuesday    Open 24 hours          Wednesday    Open 24 hours          Thursday    Open 24 hours          Friday    Open 24 hours          Saturday    Closed          Sunday    Closed          Monday    Open 24 hours,https://lh5.googleusercontent.com/p/AF1QipNQp2iItNBt99_FGsiWGVeIWWcAqxbeyAmvaG6a=w408-h306-k-no,51.1514711,0.8862523,5V2P+HG Ashford; United Kingdom,Website designer
https://www.google.com/maps/place/Storm+Web+Design+Ltd/@51.2104145;1.3981646;17z/data=!3m1!4b1!4m6!3m5!1s0x47deaf27ab27cd81:0xc9b97f6d688c3ca5!8m2!3d51.2104145!4d1.3981646!16s%2Fg%2F1hc8w2k__?authuser=0,Storm Web Design Ltd,13 Cornwall Rd; Walmer; Deal CT14 7SD; United Kingdom,,info@storm.agenc; info@stormit.co.uk,+44 1304 806105,storm.agency,5,11 reviews,Tuesday    8:30?am–6?pm          Wednesday    8:30?am–6?pm          Thursday    8:30?am–6?pm          Friday    8:30?am–6?pm          Saturday    Closed          Sunday    Closed          Monday    8:30?am–6?pm,https://lh5.googleusercontent.com/p/AF1QipPKIVbefJa3zB_kQbyISnJPyxoWR9xbPgIMixw=w408-h408-k-no,51.2104145,1.3981646,696X+57 Deal; United Kingdom,Website designer
https://www.google.com/maps/place/Tiga+Creative+Marketing+%7C+The+B2B+Marketing+Agency/@51.3601274;0.3535949;17z/data=!3m1!4b1!4m6!3m5!1s0x47d8b547147938b9:0x6c93b311ac545697!8m2!3d51.3601274!4d0.3535949!16s%2Fg%2F1thsqn66?authuser=0,Tiga Creative Marketing | The B2B Marketing Agency,3/4 Bowes Business Park; Wrotham Road; Meopham Green DA13 0QB; United Kingdom,,info@tigauk.com,+44 1474 815714,tigauk.com,5,6 reviews,Tuesday    9?am–5:30?pm          Wednesday    9?am–5:30?pm          Thursday    9?am–5:30?pm          Friday    9?am–5:30?pm          Saturday    Closed          Sunday    Closed          Monday    9?am–5:30?pm,https://lh5.googleusercontent.com/p/AF1QipPSe2u4p9yImYm8Ldpt19oC3XXQ-E2TqKYowzQW=w426-h240-k-no,51.3601274,0.3535949,9963+3C Gravesend; United Kingdom,Marketing agency
https://www.google.com/maps/place/Sticky+Digital+Studio/@51.2729815;0.5265481;17z/data=!3m1!4b1!4m6!3m5!1s0x47df335b4055e9fb:0xc4b13b0d8c3a10e2!8m2!3d51.2729815!4d0.5265481!16s%2Fg%2F11hdpkqygc?authuser=0,Sticky Digital Studio,Maidstone House; The Business Terrace; King St; Maidstone ME15 6JQ; United Kingdom,,,+44 20 8088 2388,madebysticky.com,4.9,12 reviews,Tuesday    9?am–5:30?pm          Wednesday    9?am–5:30?pm          Thursday    9?am–5:30?pm          Friday    9?am–5:30?pm          Saturday    Closed          Sunday    Closed          Monday    9?am–5:30?pm,,51.2729815,0.5265481,7GFG+5J Maidstone; United Kingdom,Marketing agency
https://www.google.com/maps/place/Bayhall+Digital/@51.1294993;0.2622408;17z/data=!3m1!4b1!4m6!3m5!1s0x47df4429b64bf33b:0x826f341e221518be!8m2!3d51.1294993!4d0.2622408!16s%2Fg%2F11dynbd__f?authuser=0,Bayhall Digital,15-17 Vale Rd; Tunbridge Wells TN1 1BS; United Kingdom,,hello@bayhall-digital.co.uk,+44 1892 710773,bayhall.co.uk,5,7 reviews,Tuesday    8:30?am–5?pm          Wednesday    8:30?am–5?pm          Thursday    8:30?am–5?pm          Friday    8:30?am–5?pm          Saturday    Closed          Sunday    Closed          Monday    8:30?am–5?pm,https://streetviewpixels-pa.googleapis.com/v1/thumbnail?panoid=Lvi_em8gW2BeXBsVhv8e4Q&cb_client=search.gws-prod.gps&w=408&h=240&yaw=108.542816&pitch=0&thumbfov=100,51.1294993,0.2622408,47H6+QV Tunbridge Wells; United Kingdom,Website designer
https://www.google.com/maps/place/Ginger+Pixels/@51.3463589;1.0219144;17z/data=!3m1!4b1!4m6!3m5!1s0x47d9332a735e622f:0xb347c36e6ac7f123!8m2!3d51.3463589!4d1.0219144!16s%2Fg%2F11m7bj9bdm?authuser=0,Ginger Pixels,Millers Ct; Whitstable CT5 4QB; United Kingdom,,studio@gingerpixels.co.uk,+44 1227 770109,gingerpixels.co.uk,5,19 reviews,Tuesday    9?am–5:30?pm          Wednesday    9?am–5:30?pm          Thursday    9?am–5:30?pm          Friday    9?am–5?pm          Saturday    Closed          Sunday    Closed          Monday    9?am–5:30?pm,https://lh5.googleusercontent.com/p/AF1QipM2pBkD1ni933NztOyKZAgiSBfEYIdozx4EvqYA=w408-h324-k-no,51.3463589,1.0219144,82WC+GQ Whitstable; United Kingdom,Website designer
https://www.google.com/maps/place/BoostOnline+UK+Group+Ltd+-+Digital+Marketing+Agency+Kent/@51.2710046;0.5239378;17z/data=!3m1!4b1!4m6!3m5!1s0x47df32ce839d8043:0x7924ddcbaeeb8ecf!8m2!3d51.2710046!4d0.5239378!16s%2Fg%2F11rvv4nd3?authuser=0,BoostOnline UK Group Ltd - Digital Marketing Agency Kent,Ground Floor; Kestrel House; Knightrider St; Maidstone ME15 6LU; United Kingdom,,info@boostonline.co.uk; lee@boostonline.co.uk; antoni@boostonline.co.uk,+44 20 3151 8851,boostonlineadvertising.co.uk,5,1 review,Tuesday    8:30?am–5:30?pm          Wednesday    8:30?am–5:30?pm          Thursday    8:30?am–5:30?pm          Friday    8:30?am–5:30?pm          Saturday    Closed          Sunday    Closed          Monday    8:30?am–5:30?pm,https://lh5.googleusercontent.com/p/AF1QipNvVUPqwciFCAQgr0L8oRuTwTZa2bx69FMZQkbI=w408-h306-k-no,51.2710046,0.5239378,7GCF+CH Maidstone; United Kingdom,Internet marketing service
https://www.google.com/maps/place/Web+Design+Pro.co/@51.2836212;0.5258431;17z/data=!3m1!4b1!4m6!3m5!1s0x47df33197726fcdd:0x696edf340c306ecd!8m2!3d51.2836212!4d0.5258431!16s%2Fg%2F11cly5_yv4?authuser=0,Web Design Pro.co,Granville House; 7a 2; Maidstone ME14 2BJ; United Kingdom,,info@webdesignpro.co,+44 1622 933709,webdesignpro.co,5,48 reviews,Tuesday    9?am–5?pm          Wednesday    9?am–5?pm          Thursday    9?am–5?pm          Friday    9?am–5?pm          Saturday    Closed          Sunday    Closed          Monday    9?am–5?pm,https://lh5.googleusercontent.com/p/AF1QipOZ--gFAL_45mK9zff-HwMM5UU_MCDOTgDwXatP=w408-h267-k-no,51.2836212,0.5258431,7GMG+C8 Maidstone; United Kingdom,Website designer
https://www.google.com/maps/place/Seocial9/@46.423669;-57.9397877;2z/data=!3m1!4b1!4m6!3m5!1s0xc1fde7815535c6f:0xb94e0bb3264b22ab!8m2!3d46.423669!4d-57.9397877!16s%2Fg%2F11rtbvqs35?authuser=0,Seocial9,,,hola@seocial9.com,+44 7389 713771,seocial9.com,4.9,11 reviews,Tuesday    9?am–5?pm          Wednesday    9?am–5?pm          Thursday    9?am–5?pm          Friday    9?am–5?pm          Saturday    Closed          Sunday    Closed          Monday    9?am–5?pm,https://lh5.googleusercontent.com/p/AF1QipMu0lAk3SubU2qOjg17ATeLP9kwRK3-QO5_P11U=w408-h359-k-no,46.423669,-57.9397877,,Marketing agency
https://www.google.com/maps/place/We+Love+Digital/@51.2729545;0.5266037;17z/data=!3m1!4b1!4m6!3m5!1s0x47df3231facd643d:0x53c5e68fadc585ef!8m2!3d51.2729545!4d0.5266037!16s%2Fg%2F1hhw4vlwr?authuser=0,We Love Digital,2nd Floor; We Love Digital; Maidstone House; King St; Maidstone ME15 6AW; United Kingdom,,,+44 1622 685605,welovedigital.com,4,2 reviews,Tuesday    9?am–6?pm          Wednesday    9?am–6?pm          Thursday    9?am–6?pm          Friday    9?am–6?pm          Saturday    Closed          Sunday    Closed          Monday    9?am–6?pm,https://lh5.googleusercontent.com/p/AF1QipNCW3ELj85PAm7bHOUzXZGfHhrIwHY92O-6rgi_=w424-h240-k-no,51.2729545,0.5266037,7GFG+5J Maidstone; United Kingdom,Marketing agency
https://www.google.com/maps/place/SEO+Lads/@51.4475601;0.2905757;17z/data=!3m1!4b1!4m6!3m5!1s0xd9f131accb11fd:0xa0ec49d0ae017f55!8m2!3d51.4475601!4d0.2905757!16s%2Fg%2F11sgdg1tjh?authuser=0,SEO Lads,35 Knockhall Rd; Greenhithe DA9 9EZ; United Kingdom,,support@seolads.co.uk; 20support@combosoft.co.uk; tsupport@seolads.co.uk,+44 330 113 9444,seolads.co.uk,5,4 reviews,Tuesday    9?am–5?pm          Wednesday    9?am–5?pm          Thursday    9?am–5?pm          Friday    9?am–5?pm          Saturday    Closed          Sunday    Closed          Monday    9?am–5?pm,https://streetviewpixels-pa.googleapis.com/v1/thumbnail?panoid=HhxH7j4To4HvxUcnloF37g&cb_client=search.gws-prod.gps&w=408&h=240&yaw=98.752686&pitch=0&thumbfov=100,51.4475601,0.2905757,C7XR+26 Greenhithe; United Kingdom,Internet marketing service
https://www.google.com/maps/place/Webexpand+Ltd/@51.2613895;0.6278668;17z/data=!3m1!4b1!4m6!3m5!1s0x47df35a5fdcd6521:0xd3f054aa2bdd112b!8m2!3d51.2613895!4d0.6278668!16s%2Fg%2F1tmpjt4n?authuser=0,Webexpand Ltd,Webexpand Ltd; Tanyard House; Eyhorne St; Hollingbourne; Maidstone ME17 1TS; United Kingdom,,info@webexpand.co.uk; support@wpxhosting.com,+44 1622 880840,webexpand.co.uk,5,13 reviews,Tuesday    9?am–5?pm          Wednesday    9?am–5?pm          Thursday    9?am–5?pm          Friday    9?am–4?pm          Saturday    Closed          Sunday    Closed          Monday    9?am–5?pm,https://lh5.googleusercontent.com/p/AF1QipOJgPX6tsGPRPuAG7-mFbJPCNOPBAylgcgXsAz9=w408-h306-k-no,51.2613895,0.6278668,7J6H+H4 Maidstone; United Kingdom,Website designer
https://www.google.com/maps/place/Jace+Media/@47.73855;11.5749774;4z/data=!3m1!4b1!4m6!3m5!1s0x47df323a02fc4771:0xfe5d0bf43428c5ab!8m2!3d47.73855!4d11.5749774!16s%2Fg%2F11clsryst_?authuser=0,Jace Media,,,glen@jacemedia.co.uk; dates@gunofficial.co.uk; halina@jacemediapr.com; bassist@www.johnwettonbook.com,+44 7511 257928,jacemedia.co.uk,5,17 reviews,Tuesday    9?am–5?pm          Wednesday    9?am–5?pm          Thursday    9?am–5?pm          Friday    9?am–5?pm          Saturday    Closed          Sunday    Closed          Monday    9?am–5?pm,https://lh5.googleusercontent.com/p/AF1QipM1tBadFUeRDl4HxzcNj973d9iWvP_H2LTfPJ_d=w682-h240-k-no,47.73855,11.5749774,,Multimedia and electronic book publisher
https://www.google.com/maps/place/Blue+Square+Management/@51.3724216;0.076039;17z/data=!3m1!4b1!4m6!3m5!1s0x47d8ab76f0573873:0xcaa2d8083cfb19d1!8m2!3d51.3724216!4d0.076039!16s%2Fg%2F1vbnnnq_?authuser=0,Blue Square Management,9 Grange Rd; Orpington BR6 8ED; United Kingdom,,info@bluesquaremanagement.com,+44 1689 602248,bluesquaremanagement.com,5,14 reviews,,https://lh5.googleusercontent.com/p/AF1QipOaGbo5bClH0eTTJqbUy3d-4YD5guTwjrOD8EEz=w426-h240-k-no,51.3724216,0.076039,93CG+XC Orpington; United Kingdom,Internet marketing service
https://www.google.com/maps/place/Cakeshop+Media/@51.1608172;1.2954518;17z/data=!3m1!4b1!4m6!3m5!1s0x47debbb4dfacd2c5:0xb616d280a15833f7!8m2!3d51.1608172!4d1.2954518!16s%2Fg%2F11r96zxvhw?authuser=0,Cakeshop Media,3 Downside Rd; Whitfield; Dover CT16 3NS; United Kingdom,,,+44 7984 770271,bit.ly,5,10 reviews,Tuesday    9?am–6?pm          Wednesday    9?am–6?pm          Thursday    9?am–6?pm          Friday    9?am–6?pm          Saturday    Closed          Sunday    Closed          Monday    9?am–6?pm,https://lh5.googleusercontent.com/p/AF1QipOPcrwrneIOQOVtfNqI1RA8cghe_ez0x6oWncj4=w426-h240-k-no,51.1608172,1.2954518,576W+85 Dover; United Kingdom,Marketing agency
https://www.google.com/maps/place/Galaxie+Software+Limited/@51.4237069;0.3808605;17z/data=!3m1!4b1!4m6!3m5!1s0x47d8aff895c32709:0x77d344fa89ad7a3a!8m2!3d51.4237069!4d0.3808605!16s%2Fg%2F11mhpw7tdc?authuser=0,Galaxie Software Limited,87 Whitehill Ln; Gravesend DA12 5LU; United Kingdom,,info@galaxiesoftware.co.uk,+44 1474 567389,galaxiesoftware.co.uk,5,5 reviews,Tuesday    9?am–6?pm          Wednesday    9?am–6?pm          Thursday    9?am–6?pm          Friday    9?am–6?pm          Saturday    9?am–6?pm          Sunday    9?am–6?pm          Monday    9?am–6?pm,https://lh5.googleusercontent.com/p/AF1QipOmsFbWltqNuh65Hqfjc4g8FTfo0nfbLx5kaLc3=w427-h240-k-no,51.4237069,0.3808605,C9FJ+F8 Gravesend; United Kingdom,Website designer
https://www.google.com/maps/place/Primeria/@51.2716884;0.5150262;17z/data=!3m1!4b1!4m6!3m5!1s0x47df33c137ee87d5:0x235741269c065878!8m2!3d51.2716884!4d0.5150262!16s%2Fg%2F11k7l196xr?authuser=0,Primeria,2-8 London Rd; Maidstone ME16 8PZ; United Kingdom,,,+44 7717 111516,primeria.global,5,9 reviews,Tuesday    9?am–5:30?pm          Wednesday    9?am–5:30?pm          Thursday    9?am–5:30?pm          Friday    9?am–5:30?pm          Saturday    Closed          Sunday    Closed          Monday    9?am–5:30?pm,https://lh5.googleusercontent.com/p/AF1QipMEO644ipDUECWjCuASIYpzDrloyItCAP3Q9nyl=w408-h271-k-no,51.2716884,0.5150262,7GC8+M2 Maidstone; United Kingdom,Marketing agency
https://www.google.com/maps/place/RMG+Digital+Marketing+%26+SEO/@51.2920943;1.0646226;17z/data=!3m1!4b1!4m6!3m5!1s0x47decb1111e331c3:0xee8d1c7ad852c17b!8m2!3d51.2920943!4d1.0646226!16s%2Fg%2F11q95j3d6x?authuser=0,RMG Digital Marketing &amp; SEO,Canterbury Innovation Centre; University Rd; Canterbury CT2 7FG; United Kingdom,,hello@rocket-group.com,+44 844 330 2582,rocket-group.com,5,2 reviews,Tuesday    9?am–5?pm          Wednesday    9?am–5?pm          Thursday    9?am–5?pm          Friday    9?am–5?pm          Saturday    Closed          Sunday    Closed          Monday    9?am–5?pm,https://lh5.googleusercontent.com/p/AF1QipO2akcFKiMojvfiBxF_vS8HEzrBoakoqtn6ETE6=w560-h240-k-no,51.2920943,1.0646226,73R7+RR Canterbury; United Kingdom,Marketing agency
https://www.google.com/maps/place/Comtecs/@51.1452994;0.2717922;17z/data=!3m1!4b1!4m6!3m5!1s0x47df45d0d8e09891:0x4b0f99cad3fa0ccc!8m2!3d51.1452994!4d0.2717922!16s%2Fg%2F1vkxlj_c?authuser=0,Comtecs,215A Upper Grosvenor Rd; Tunbridge Wells TN1 2EG; United Kingdom,,info@comtecs.co.uk,+44 1892 514636,comtecs.co.uk,4.9,24 reviews,Tuesday    9:30?am–5:30?pm          Wednesday    9:30?am–5:30?pm          Thursday    9:30?am–5:30?pm          Friday    9:30?am–5:30?pm          Saturday    Closed          Sunday    Closed          Monday    9:30?am–5:30?pm,https://lh5.googleusercontent.com/p/AF1QipMuVKR8_4nXPEyFo4NNKFAvV62n1XetyV5r4DXw=w768-h240-k-no,51.1452994,0.2717922,47WC+4P Tunbridge Wells; United Kingdom,Website designer
https://www.google.com/maps/place/Smart+Digital+Solutions/@51.3992026;-0.2527542;8z/data=!3m1!4b1!4m6!3m5!1s0x47d8ad9176259b59:0xa75e3f5f4929d565!8m2!3d51.3992026!4d-0.2527542!16s%2Fg%2F11g01vcv33?authuser=0,Smart Digital Solutions,,,contact@smartdigitalsolutions.co.uk,+44 333 011 8063,smartdigitalsolutions.co.uk,5,4 reviews,Tuesday    9?am–5?pm          Wednesday    9?am–5?pm          Thursday    9?am–5?pm          Friday    9?am–5?pm          Saturday    Closed          Sunday    Closed          Monday    9?am–5?pm,https://lh5.googleusercontent.com/p/AF1QipP5D06TbFpoJj4glO7g6bjxOJhmvPjMTCCI47Vr=w408-h280-k-no,51.3992026,-0.2527542,,Internet marketing service
https://www.google.com/maps/place/Discoverable/@51.1702969;0.8685436;17z/data=!3m1!4b1!4m6!3m5!1s0x47deda45be7eaaab:0x49da400113676391!8m2!3d51.1702969!4d0.8685436!16s%2Fg%2F11gfczh35p?authuser=0,Discoverable,Office 73; The Cobalt Building; Lower Pemberton; Kennington; Ashford TN25 4BF; United Kingdom,,hello@discoverable.co.uk; craig@discoverable.co.uk; george@discoverable.co.uk,+44 1233 552377,discoverable.co.uk,5,2 reviews,Tuesday    8?am–6?pm          Wednesday    8?am–6?pm          Thursday    8?am–6?pm          Friday    8?am–6?pm          Saturday    Closed          Sunday    Closed          Monday    8?am–6?pm,,51.1702969,0.8685436,5VC9+4C Ashford; United Kingdom,Marketing agency
https://www.google.com/maps/place/Giraffe+Digital+(UK)/@14.1576412;-106.6918595;2z/data=!3m1!4b1!4m6!3m5!1s0x47df333bcbf4987f:0xb72ace28c4c95f6e!8m2!3d14.1576412!4d-106.6918595!16s%2Fg%2F11jcldrs4n?authuser=0,Giraffe Digital (UK),,,,+44 7378 861536,giraffedigital.co.uk,,,Tuesday    7?am–10?pm          Wednesday    7?am–10?pm          Thursday    7?am–10?pm          Friday    7?am–10?pm          Saturday    7?am–10?pm          Sunday    9?am–5?pm          Monday    7?am–10?pm,https://lh5.googleusercontent.com/p/AF1QipOdjDrYTaFyinO1cHuKnUAdxf_OuTIqgwFios7t=w427-h240-k-no,14.1576412,-106.6918595,,Website designer
https://www.google.com/maps/place/WillCreate+Ltd/@47.73855;12.5088275;4z/data=!3m1!4b1!4m6!3m5!1s0x47ded88f6eb862e5:0xb44f8d9ddd90c8e2!8m2!3d47.73855!4d12.5088275!16s%2Fg%2F11_skz4zs?authuser=0,WillCreate Ltd,,,info@willcreatemedia.co.uk; simon@willcreatemedia.co.uk,+44 1233 820730,willcreatemedia.co.uk,5,2 reviews,Tuesday    8:30?am–5:30?pm          Wednesday    8:30?am–5:30?pm          Thursday    8:30?am–5:30?pm          Friday    8:30?am–5:30?pm          Saturday    Closed          Sunday    Closed          Monday    8:30?am–5:30?pm,https://lh5.googleusercontent.com/p/AF1QipP2wXHCxUJSCbbZj1gGiBn5gT1zDDe21_PBR7IY=w408-h272-k-no,47.73855,12.5088275,,Marketing agency
https://www.google.com/maps/place/Luno/@51.1495751;1.2926176;17z/data=!3m1!4b1!4m6!3m5!1s0x47debac08ce3cbad:0x36d448d16bd4be93!8m2!3d51.1495751!4d1.2926176!16s%2Fg%2F1vcq6wr7?authuser=0,Luno,91 Aspen Dr; Whitfield; Dover CT16 2EX; United Kingdom,,hello@madebyluno.co.uk; datacontroller@madebyluno.co.uk,+44 1304 826023,madebyluno.co.uk,4.7,15 reviews,Tuesday    8?am–5?pm          Wednesday    8?am–5?pm          Thursday    8?am–5?pm          Friday    8?am–5?pm          Saturday    8?am–1?pm          Sunday    Closed          Monday    8?am–5?pm,https://streetviewpixels-pa.googleapis.com/v1/thumbnail?panoid=WpmuTRqn0Kvl5VL1U7gsSA&cb_client=search.gws-prod.gps&w=408&h=240&yaw=225.30513&pitch=0&thumbfov=100,51.1495751,1.2926176,47XV+R2 Dover; United Kingdom,Website designer
https://www.google.com/maps/place/White+Label+SEO/@51.2751979;0.5309602;17z/data=!3m1!4b1!4m6!3m5!1s0x47df323b0e662871:0xe18e7092434ac732!8m2!3d51.2751979!4d0.5309602!16s%2Fg%2F11c59vjryw?authuser=0,White Label SEO,30 Albion Pl; Maidstone ME14 5DZ; United Kingdom,,support@whitelabelseo.com; website@whitelabelseo.com,,whitelabelseo.com,,,Tuesday    9?am–5?am          Wednesday    9?am–5?pm          Thursday    9?am–5?pm          Friday    9?am–5?pm          Saturday    Closed          Sunday    Closed          Monday    9?am–5?pm,https://streetviewpixels-pa.googleapis.com/v1/thumbnail?panoid=HI6C804rRzlb77g53R1isA&cb_client=search.gws-prod.gps&w=408&h=240&yaw=126.4244&pitch=0&thumbfov=100,51.2751979,0.5309602,7GGJ+39 Maidstone; United Kingdom,Internet marketing service
https://www.google.com/maps/place/CS+One+Design/@51.3387644;0.7758902;17z/data=!3m1!4b1!4m6!3m5!1s0x47ded53603de140b:0xedd2908324208c20!8m2!3d51.3387644!4d0.7758902!16s%2Fg%2F1thk80b0?authuser=0,CS One Design,CS One Design; The Old Mill; Church Rd; Sittingbourne ME9 9AP; United Kingdom,,hello@csone.co.uk; info@csone.co.uk; accounts@csone.co.uk,+44 1795 430313,csone.co.uk,4.6,10 reviews,Tuesday    9?am–5?pm          Wednesday    9?am–5?pm          Thursday    9?am–5?pm          Friday    9?am–5?pm          Saturday    Closed          Sunday    Closed          Monday    9?am–5?pm,https://lh5.googleusercontent.com/p/AF1QipMeBq6zXnSNgU42gARkeY0IkpuKhm8T_PD_PKc=w430-h240-k-no,51.3387644,0.7758902,8QQG+G9 Sittingbourne; United Kingdom,Website designer
https://www.google.com/maps/place/Button+Digital+Marketing/@51.2704028;0.5263956;17z/data=!3m1!4b1!4m6!3m5!1s0x47df32257d6b9267:0x4ee4e1b11cd64874!8m2!3d51.2704028!4d0.5263956!16s%2Fg%2F11bw2_k2q0?authuser=0,Button Digital Marketing,12 Mote Road Perseverance House Kent; Maidstone ME15 6EP; United Kingdom,,hello@buttondigital.co.uk,+44 7496 543542,buttondigital.co.uk,5,1 review,Tuesday    12?am–11:30?pm          Wednesday    12?am–11:30?pm          Thursday    12?am–11:30?pm          Friday    12?am–11:30?pm          Saturday    12?am–11:30?pm          Sunday    12?am–11:30?pm          Monday    12?am–11:30?pm,https://streetviewpixels-pa.googleapis.com/v1/thumbnail?panoid=OUEe77z9V1OHGhJNEg2wQQ&cb_client=search.gws-prod.gps&w=408&h=240&yaw=139.9638&pitch=0&thumbfov=100,51.2704028,0.5263956,7GCG+5H Maidstone; United Kingdom,Internet marketing service
https://www.google.com/maps/place/Cord+Creative/@51.2945029;0.5201445;17z/data=!3m1!4b1!4m6!3m5!1s0x8d35447e72b96727:0xe4b24fd080ce5760!8m2!3d51.2945029!4d0.5201445!16s%2Fg%2F11js30gm9_?authuser=0,Cord Creative,7; Boarley Court; Maidstone ME14 2NL; United Kingdom,,jack@cordcreative.com; ben@cordcreative.com; contact@cordcreative.com,+44 7476 716012,cordcreative.com,5,7 reviews,Tuesday    8?am–10?pm          Wednesday    8?am–10?pm          Thursday    8?am–10?pm          Friday    8?am–10?pm          Saturday    8?am–10?pm          Sunday    Closed          Monday    8?am–10?pm,https://lh5.googleusercontent.com/p/AF1QipPCnnPO-bhrEuTPecXd6iu4OqJDALH5TEMPZLxK=w408-h271-k-no,51.2945029,0.5201445,7GVC+R3 Maidstone; United Kingdom,Design agency
https://www.google.com/maps/place/Anecdote/@51.2678117;0.5039232;17z/data=!3m1!4b1!4m6!3m5!1s0x47df338f08f9ca0d:0xf8a37b1242b5e2c6!8m2!3d51.2678117!4d0.5039232!16s%2Fg%2F11mv18jpzy?authuser=0,Anecdote,79 Upper Fant Rd; Maidstone ME16 8BT; United Kingdom,,,+44 1622 682131,anecdoteagency.com,5,9 reviews,Tuesday    9?am–5:30?pm          Wednesday    9?am–5:30?pm          Thursday    9?am–5:30?pm          Friday    9?am–5:30?pm          Saturday    Closed          Sunday    Closed          Monday    9?am–5:30?pm,https://lh5.googleusercontent.com/p/AF1QipO2HR5hHT4TVrmI9kGs2R55upXqDh0oMI69m2Sz=w408-h408-k-no,51.2678117,0.5039232,7G93+4H Maidstone; United Kingdom,Marketing agency
https://www.google.com/maps/place/Fabrick+Agency/@51.2725317;0.5124649;17z/data=!3m1!4b1!4m6!3m5!1s0x47df33cd7d01b34b:0xc57261073a2fa416!8m2!3d51.2725317!4d0.5124649!16s%2Fg%2F1tj1lt26?authuser=0,Fabrick Agency,Palace Court; Palace Ave; London Rd; Maidstone ME16 8JE; United Kingdom,,hello@fabrick.agenc; graham.felton@wearefabrick.com; hello@wearefabrick.com,+44 1622 754295,fabrick.agency,5,9 reviews,Tuesday    9?am–5?pm          Wednesday    9?am–5?pm          Thursday    9?am–5?pm          Friday    9?am–5?pm          Saturday    Closed          Sunday    Closed          Monday    9?am–5?pm,https://lh5.googleusercontent.com/p/AF1QipOsElN44IPf_j_A9PpKYQx8QACLU2rnCjOqCkNb=w426-h240-k-no,51.2725317,0.5124649,7GF6+2X Maidstone; United Kingdom,Marketing agency
https://www.google.com/maps/place/Adams+Creative+Group/@51.2373189;0.5001456;17z/data=!3m1!4b1!4m6!3m5!1s0x47df323b11721255:0xcb49cf952bfe9fe2!8m2!3d51.2373189!4d0.5001456!16s%2Fg%2F1yh9ts5xk?authuser=0,Adams Creative Group,Yew House; Mill Ln; Coxheath; Maidstone ME17 4HF; United Kingdom,,hello@adams.uk.com,+44 1622 687729,adams.uk.com,5,3 reviews,Tuesday    9?am–5:30?pm          Wednesday    9?am–5:30?pm          Thursday    9?am–5:30?pm          Friday    9?am–5:30?pm          Saturday    Closed          Sunday    Closed          Monday    9?am–5:30?pm,https://lh5.googleusercontent.com/p/AF1QipN6QVFxGTmOFxyZ4tKDB1zYvMeujLel9NtGWO4b=w597-h240-k-no,51.2373189,0.5001456,6GP2+W3 Maidstone; United Kingdom,Marketing agency
https://www.google.com/maps/place/Popi/@51.3150182;0.4533268;17z/data=!3m1!4b1!4m6!3m5!1s0x47df348e4fbfa40d:0x2a1004a3197e08c4!8m2!3d51.3150182!4d0.4533268!16s%2Fg%2F1td_xwny?authuser=0,Popi,11 Westmead; New Hythe Ln; Aylesford ME20 6XJ; United Kingdom,,info@popi.co.uk; quote@popi.co.uk; artwork@popi.co.uk,+44 1622 791663,popi.co.uk,4.8,14 reviews,Tuesday    9?am–5:30?pm          Wednesday    9?am–5:30?pm          Thursday    9?am–5:30?pm          Friday    9?am–5:30?pm          Saturday    Closed          Sunday    Closed          Monday    9?am–5:30?pm,https://lh5.googleusercontent.com/p/AF1QipPfn8DK75mkRAclklbdxOpKIPTeSKU3_v8EAADX=w408-h408-k-no,51.3150182,0.4533268,8F83+28 Aylesford; UK,Graphic designer
https://www.google.com/maps/place/Fusion+Marketing+Services+Ltd/@51.2768347;0.3974069;17z/data=!3m1!4b1!4m6!3m5!1s0x47df34664840bf45:0x920d9efc4384d408!8m2!3d51.2768347!4d0.3974069!16s%2Fg%2F1td9zzhd?authuser=0,Fusion Marketing Services Ltd,26 Kings Hill Ave; Kings Hill; Maidstone ME19 4AE; United Kingdom,,,+44 1732 526320,fusion-marketing-services.co.uk,5,2 reviews,Tuesday    9?am–5:30?pm          Wednesday    9?am–5:30?pm          Thursday    9?am–5:30?pm          Friday    9?am–5:30?pm          Saturday    Closed          Sunday    Closed          Monday    9?am–5:30?pm,https://streetviewpixels-pa.googleapis.com/v1/thumbnail?panoid=DOdhnYILikvh9R-ivk0Eyg&cb_client=search.gws-prod.gps&w=408&h=240&yaw=162.96991&pitch=0&thumbfov=100,51.2768347,0.3974069,79GW+PX Maidstone; United Kingdom,Marketing agency
https://www.google.com/maps/place/SEO+Content+Providers/@51.2641962;0.4979256;17z/data=!3m1!4b1!4m6!3m5!1s0x47df33d8e877da35:0x11e1725fd22ab88f!8m2!3d51.2641962!4d0.4979256!16s%2Fg%2F11b6jb324s?authuser=0,SEO Content Providers,291B Upper Fant Rd; Maidstone ME16 8DD; United Kingdom,,roland.millaner@yahoo.com,+44 1622 721898,seocontentproviders.net,5,1 review,Tuesday    8?am–5?pm          Wednesday    8?am–5?pm          Thursday    8?am–5?pm          Friday    8?am–5?pm          Saturday    8–11?am          Sunday    Closed          Monday    8?am–5?pm,https://streetviewpixels-pa.googleapis.com/v1/thumbnail?panoid=W7kVSIjV9Zl2ZPrcaukNDw&cb_client=search.gws-prod.gps&w=408&h=240&yaw=335.17584&pitch=0&thumbfov=100,51.2641962,0.4979256,7F7X+M5 Maidstone; United Kingdom,Internet marketing service
https://www.google.com/maps/place/Media+Tower+Limited/@51.2760338;0.5203164;17z/data=!3m1!4b1!4m6!3m5!1s0x47df31f750f2950f:0x923543f121842924!8m2!3d51.2760338!4d0.5203164!16s%2Fg%2F1yfh_jqfl?authuser=0,Media Tower Limited,Old Library; St Faith's St; Maidstone ME14 1LH; United Kingdom,,hello@hostmaria.com; complaints@hostmaria.com; support@hostmaria.com,+44 7735 175777,mediatower.co.uk,4.5,13 reviews,Tuesday    9?am–5?pm          Wednesday    9?am–5?pm          Thursday    9?am–5?pm          Friday    9?am–5?pm          Saturday    Closed          Sunday    Closed          Monday    9?am–5?pm,https://streetviewpixels-pa.googleapis.com/v1/thumbnail?panoid=U3cfzy0ktFUKqmI_Ksk_PA&cb_client=search.gws-prod.gps&w=408&h=240&yaw=22.404945&pitch=0&thumbfov=100,51.2760338,0.5203164,7GGC+C4 Maidstone; United Kingdom,Internet marketing service
https://www.google.com/maps/place/To+The+Moon+Marketing/@51.2348513;0.5596118;17z/data=!3m1!4b1!4m6!3m5!1s0x47df313c9336f0ab:0xf4267f0538b8d68!8m2!3d51.2348513!4d0.5596118!16s%2Fg%2F11rgrz42n7?authuser=0,To The Moon Marketing,Union Park; Bircholt Rd; Maidstone ME15 9XT; United Kingdom,,groundcontrol@tothemoonmarketing.co.uk; accounts@tothemoonmarketing.co.uk,+44 1622 470099,tothemoonmarketing.co.uk,5,6 reviews,Tuesday    8?am–5?pm          Wednesday    8?am–5?pm          Thursday    8?am–5?pm          Friday    8?am–5?pm          Saturday    Closed          Sunday    Closed          Monday    8?am–5?pm,https://streetviewpixels-pa.googleapis.com/v1/thumbnail?panoid=UYSMx_FZk8qS_UKvfkTf3w&cb_client=search.gws-prod.gps&w=408&h=240&yaw=274.57654&pitch=0&thumbfov=100,51.2348513,0.5596118,6HM5+WR Maidstone; United Kingdom,Marketing agency
https://www.google.com/maps/place/Imprint+Design+%26+Media/@51.274706;0.530506;17z/data=!3m1!4b1!4m6!3m5!1s0x47d8d35cf20e5335:0xd57797020886aeb5!8m2!3d51.274706!4d0.530506!16s%2Fg%2F11jnnk78fy?authuser=0,Imprint Design &amp; Media,Second Floor; Suite 3; 12-14 Albion Pl; Maidstone ME14 5DZ; United Kingdom,,jasmine@imprintdesign.media; ash@imprintdesign.media; sales@imprintdesign.media,+44 1634 939265,imprintdesign.media,5,4 reviews,Tuesday    9?am–5?pm          Wednesday    9?am–5?pm          Thursday    9?am–5?pm          Friday    9?am–2:30?pm          Saturday    Closed          Sunday    Closed          Monday    9?am–5?pm,https://lh5.googleusercontent.com/p/AF1QipO955yaTcAjtSDzmedYIHa-KKDII8GWmcpAhuM6=w408-h408-k-no,51.274706,0.530506,7GFJ+V6 Maidstone; United Kingdom,Marketing agency
https://www.google.com/maps/place/In+The+Digital/@55.3627463;-3.4435456;5z/data=!3m1!4b1!4m6!3m5!1s0x47df319b4a1e544f:0x8535c7875847aba8!8m2!3d55.3627463!4d-3.4435456!16s%2Fg%2F11b7l6dgjr?authuser=0,In The Digital,,,enquiries@inthedigital.co.uk; dpo@inthedigital.co.uk,+44 1622 371188,inthedigital.co.uk,,,Tuesday    9?am–6?pm          Wednesday    9?am–6?pm          Thursday    9?am–6?pm          Friday    9?am–6?pm          Saturday    9?am–5?pm          Sunday    Closed          Monday    9?am–6?pm,,55.3627463,-3.4435456,,Internet marketing service
https://www.google.com/maps/place/Twister+Marketing/@51.2797803;0.4905254;17z/data=!3m1!4b1!4m6!3m5!1s0x47df3491d392b0a1:0x1a79b556bc30f8e8!8m2!3d51.2797803!4d0.4905254!16s%2Fg%2F11_sdhm48?authuser=0,Twister Marketing,140 Howard Dr; Maidstone ME16 0QB; United Kingdom,,info@twistermarketing.co.uk; up@twistermarketing.co.uk,,twistermarketing.co.uk,5,2 reviews,Tuesday    9?am–5?pm          Wednesday    9?am–5?pm          Thursday    9?am–5?pm          Friday    9?am–5?pm          Saturday    Closed          Sunday    Closed          Monday    9?am–5?pm,https://streetviewpixels-pa.googleapis.com/v1/thumbnail?panoid=kGVlEUTrjqHKa3ZB9KujbA&cb_client=search.gws-prod.gps&w=408&h=240&yaw=244.24272&pitch=0&thumbfov=100,51.2797803,0.4905254,7FHR+W6 Maidstone; United Kingdom,Website designer
https://www.google.com/maps/place/Bing+Digital/@51.3474047;0.5073837;17z/data=!3m1!4b1!4m6!3m5!1s0x47d8ccd31be6717f:0x439c603d970db207!8m2!3d51.3474047!4d0.5073837!16s%2Fg%2F1q62f6jwq?authuser=0,Bing Digital,Innovation Centre Medway; Maidstone Rd; Chatham ME5 9FD; United Kingdom,,,+44 800 802 1206,bingdigital.com,3,2 reviews,Tuesday    Open 24 hours          Wednesday    Open 24 hours          Thursday    Open 24 hours          Friday    Open 24 hours          Saturday    Open 24 hours          Sunday    Open 24 hours          Monday    Open 24 hours,https://lh5.googleusercontent.com/p/AF1QipOMkEmgIybI1PjI0YdZ5Eybp_ZBrlT2LMgU-dSI=w628-h240-k-no,51.3474047,0.5073837,8GW4+XX Chatham; United Kingdom,Website designer
https://www.google.com/maps/place/The+Hideout/@51.2168265;0.6420229;17z/data=!3m1!4b1!4m6!3m5!1s0x47df322eb3d133b1:0x7c07594b22608e19!8m2!3d51.2168265!4d0.6420229!16s%2Fg%2F12llmp0rw?authuser=0,The Hideout,The Oast Church Farm Ulcombe Hill; Ulcombe; Maidstone ME17 1DN; United Kingdom,,team@thehideout.co.uk; sarah@thehideout.co.uk,+44 1622 238535,thehideout.co.uk,5,2 reviews,Tuesday    9?am–5:30?pm          Wednesday    9?am–5:30?pm          Thursday    9?am–5:30?pm          Friday    9?am–5:30?pm          Saturday    Closed          Sunday    Closed          Monday    9?am–5:30?pm,https://lh5.googleusercontent.com/p/AF1QipM37zC37W8uahYtrcz4n2Q3kfjm9khu8U132KmK=w408-h290-k-no,51.2168265,0.6420229,6J8R+PR Maidstone; United Kingdom,Marketing agency
https://www.google.com/maps/place/AnandaWeb/@51.2692638;0.5296014;17z/data=!3m1!4b1!4m6!3m5!1s0x47df33b5ab359ad7:0xa587a5f0671aa6c0!8m2!3d51.2692638!4d0.5296014!16s%2Fg%2F11swpk2vks?authuser=0,AnandaWeb,3 Hastings Rd; Maidstone ME15 7SG; United Kingdom,,support@anandaweb.co.uk,,anandaweb.co.uk,5,6 reviews,Tuesday    9?am–5:30?pm          Wednesday    9?am–5:30?pm          Thursday    9?am–5:30?pm          Friday    9?am–5:30?pm          Saturday    Closed          Sunday    Closed          Monday    9?am–5:30?pm,https://streetviewpixels-pa.googleapis.com/v1/thumbnail?panoid=hV5pD0kpg_MH5AJM5mME3w&cb_client=search.gws-prod.gps&w=408&h=240&yaw=112.96744&pitch=0&thumbfov=100,51.2692638,0.5296014,7G9H+PR Maidstone; United Kingdom,Website designer
https://www.google.com/maps/place/Darren+Boyle/@51.1805302;0.3944166;17z/data=!3m1!4b1!4m6!3m5!1s0x47df37f53dac2e1b:0xc7c611ab46e5832f!8m2!3d51.1805302!4d0.3944166!16s%2Fg%2F11fxvtzlzj?authuser=0,Darren Boyle,38 The Ridings; Paddock Wood; Tonbridge TN12 6YB; United Kingdom,,me@darrenboyle.uk; info@darrenboyle.uk,+44 7930 552430,darrenboyle.uk,,,Tuesday    9?am–5?pm          Wednesday    9?am–5?pm          Thursday    9?am–5?pm          Friday    9?am–5?pm          Saturday    11?am–3?pm          Sunday    11?am–3?pm          Monday    9?am–5?pm,https://lh5.googleusercontent.com/p/AF1QipOMpm_ErBwUfUhVc_sQAorCYsyPgvjPOeHQWo-I=w426-h240-k-no,51.1805302,0.3944166,59JV+6Q Tonbridge; United Kingdom,Marketing consultant
https://www.google.com/maps/place/%E2%80%8BTTK+Digital/@51.2723866;0.5123744;17z/data=!3m1!4b1!4m6!3m5!1s0x47df33d29d016f15:0x5535f7aaa3a093bd!8m2!3d51.2723866!4d0.5123744!16s%2Fg%2F11fk023pyn?authuser=0,?TTK Digital,15-17 Palace Ct; London Rd; Maidstone ME16 8JE; United Kingdom,,,+44 1622 754295,ttk.digital,,,,https://streetviewpixels-pa.googleapis.com/v1/thumbnail?panoid=ZQ6wMZNabhigKZDWAM2Z0Q&cb_client=search.gws-prod.gps&w=408&h=240&yaw=234.5904&pitch=0&thumbfov=100,51.2723866,0.5123744,7GC6+XW Maidstone; United Kingdom,Internet marketing service
https://www.google.com/maps/place/TUSK+Digital/@51.2679844;0.5258806;17z/data=!3m1!4b1!4m6!3m5!1s0x47df322f59b5d7c7:0xbca9949e7ffa05f5!8m2!3d51.2679844!4d0.5258806!16s%2Fg%2F11cm05l9gt?authuser=0,TUSK Digital,Upper Office; The Studios; 75 Campbell Rd; Maidstone ME15 6PY; United Kingdom,,,+44 800 999 7711,,,,Tuesday    9?am–5?pm          Wednesday    9?am–5?pm          Thursday    9?am–5?pm          Friday    9?am–5?pm          Saturday    Closed          Sunday    Closed          Monday    9?am–5?pm,https://lh5.googleusercontent.com/p/AF1QipO6RKRACXZ5RkdaoEgbbzbl-ebxvXZc0aw0FrNa=w428-h240-k-no,51.2679844,0.5258806,7G9G+59 Maidstone; United Kingdom,Marketing agency
https://www.google.com/maps/place/Go+Top+SEO/@51.2121933;1.3608068;17z/data=!3m1!4b1!4m6!3m5!1s0x47deafbf1debdaad:0x3161560c16268fd2!8m2!3d51.2121933!4d1.3608068!16s%2Fg%2F11hzzwk_sn?authuser=0,Go Top SEO,Farm Cottage; Cherry Ln; Mongeham Rd; Deal CT14 0HG; United Kingdom,,info@gotopseo.co.uk,+44 7931 376255,gotopseo.co.uk,,,Tuesday    9?am–5?pm          Wednesday    9?am–5?pm          Thursday    9?am–5?pm          Friday    9?am–5?pm          Saturday    Closed          Sunday    Closed          Monday    9?am–5?pm,https://streetviewpixels-pa.googleapis.com/v1/thumbnail?panoid=86pJ9HN0h5fTJEOgsvXiDw&cb_client=search.gws-prod.gps&w=408&h=240&yaw=97.49902&pitch=0&thumbfov=100,51.2121933,1.3608068,6966+V8 Deal; United Kingdom,Website designer
https://www.google.com/maps/place/Click+Metrics/@51.266565;0.4976539;17z/data=!3m1!4b1!4m6!3m5!1s0x47df336955791561:0x9f9973ec03e6e0fb!8m2!3d51.266565!4d0.4976539!16s%2Fg%2F11gyxm8lgk?authuser=0,Click Metrics,81 Milton St; Maidstone ME16 8LD; United Kingdom,,michael@clickmetrics.co.uk; mcc@clickmetrics.co.uk,+44 7738 530261,clickmetrics.co.uk,5,2 reviews,Tuesday    9:30?am–6?pm          Wednesday    9:30?am–6?pm          Thursday    9:30?am–6?pm          Friday    9:30?am–6?pm          Saturday    Closed          Sunday    Closed          Monday    9:30?am–6?pm,https://streetviewpixels-pa.googleapis.com/v1/thumbnail?panoid=qwU0IwY7S4W3Zpg9IsV_3Q&cb_client=search.gws-prod.gps&w=408&h=240&yaw=108.50409&pitch=0&thumbfov=100,51.266565,0.4976539,7F8X+J3 Maidstone; United Kingdom,Marketing consultant
https://www.google.com/maps/place/Ether+Creative/@51.272098;0.514754;17z/data=!3m1!4b1!4m6!3m5!1s0x47df33deef8600fb:0x6839df9e82bfcb93!8m2!3d51.272098!4d0.514754!16s%2Fg%2F1tg5bc_g?authuser=0,Ether Creative,4; The Old Brewery; Buckland Rd; Maidstone ME16 0DZ; United Kingdom,,hello@ethercreative.co.uk,+44 1622 600276,ethercreative.co.uk,5,3 reviews,Tuesday    10?am–6?pm          Wednesday    10?am–6?pm          Thursday    10?am–6?pm          Friday    10?am–6?pm          Saturday    Closed          Sunday    Closed          Monday    10?am–6?pm,https://lh5.googleusercontent.com/p/AF1QipNlPTKpr8hWkUGFGXmppH5BexKHK8c-9Zzsq-Qb=w408-h272-k-no,51.272098,0.514754,7GC7+RW Maidstone; United Kingdom,Website designer
https://www.google.com/maps/place/Panoramic+Design/@51.3830931;0.5003454;17z/data=!3m1!4b1!4m6!3m5!1s0x47d8ccf6b9d82d6b:0x90acaf7b54ecfa5b!8m2!3d51.3830931!4d0.5003454!16s%2Fg%2F1hc1hhhz8?authuser=0,Panoramic Design,Gordon Terrace; Rochester ME1 1SB; United Kingdom,,info@panoramicdesign.co.uk,+44 1634 566375,panoramicdesign.co.uk,5,11 reviews,Tuesday    7?am–5:30?pm          Wednesday    7?am–5:30?pm          Thursday    7?am–5:30?pm          Friday    7?am–5:30?pm          Saturday    9?am–12?pm          Sunday    Closed          Monday    7?am–5:30?pm,https://lh5.googleusercontent.com/p/AF1QipPJfyACKt6d4SUn8lPdPXTXtek0XHYZ45bxtP9C=w408-h408-k-no,51.3830931,0.5003454,9GM2+64 Rochester; United Kingdom,Website designer
https://www.google.com/maps/place/Digital+Edge/@51.2677245;0.507317;17z/data=!3m1!4b1!4m6!3m5!1s0x47df33ed4245867d:0x6a0e7639bd18fb4f!8m2!3d51.2677245!4d0.507317!16s%2Fg%2F11gxwsxgbd?authuser=0,Digital Edge,Unit 10; 48a Upper Fant Rd; Maidstone ME16 8DN; United Kingdom,,info@digitaledgemedia.co.uk,+44 1622 808763,digitaledgemedia.co.uk,,,Tuesday    9?am–5?pm          Wednesday    9?am–5?pm          Thursday    9?am–5?pm          Friday    9?am–5?pm          Saturday    Closed          Sunday    Closed          Monday    9?am–5?pm,https://lh5.googleusercontent.com/p/AF1QipNNrbMgDenVgG84QRn7p44Xkvoqk4m_NxhxHjI=w408-h286-k-no,51.2677245,0.507317,7G94+3W Maidstone; United Kingdom,Internet marketing service
https://www.google.com/maps/place/BoostOnline+UK+Group+Ltd+-+Digital+Marketing+Agency+Surrey/@51.1500048;-0.0860005;17z/data=!3m1!4b1!4m6!3m5!1s0x47df32318bb375c1:0xafcc2ff0a25af4a4!8m2!3d51.1500048!4d-0.0860005!16s%2Fg%2F11bw472bb8?authuser=0,BoostOnline UK Group Ltd - Digital Marketing Agency Surrey,Unit 3; Monopoly Barn; W Park Rd; Newchapel; Lingfield RH7 6HT; United Kingdom,,,+44 20 3151 8851,boostonlineadvertising.co.uk,4.8,30 reviews,Tuesday    8:30?am–5:30?pm          Wednesday    8:30?am–5:30?pm          Thursday    8:30?am–5:30?pm          Friday    8:30?am–5:30?pm          Saturday    Closed          Sunday    Closed          Monday    8:30?am–5:30?pm,https://lh5.googleusercontent.com/p/AF1QipMRSD28ztrZYEinKLxoHKZbVOWFB93jyg6JirfJ=w426-h240-k-no,51.1500048,-0.0860005,5W27+2H Lingfield; United Kingdom,Internet marketing service
https://www.google.com/maps/place/DURTY/@51.273253;0.528414;17z/data=!3m1!4b1!4m6!3m5!1s0x47df323aa149a60b:0x16a9e4fd9763f8b3!8m2!3d51.273253!4d0.528414!16s%2Fg%2F11cn6rnwjz?authuser=0,DURTY,FIRST FLOOR; 90-92 King St; Maidstone ME14 1BH; United Kingdom,,hello@durty.co.uk; dan@durty.co.uk,+44 1622 535345,durty.co.uk,5,5 reviews,Tuesday    9?am–5:30?pm          Wednesday    9?am–5:30?pm          Thursday    9?am–5:30?pm          Friday    9?am–5:30?pm          Saturday    Closed          Sunday    Closed          Monday    9?am–5:30?pm,https://lh5.googleusercontent.com/p/AF1QipOHZke0ZGa5_UPH72LWgmLn6yo8fZ4Do0036C5F=w426-h240-k-no,51.273253,0.528414,7GFH+89 Maidstone; United Kingdom,Animation Studio
https://www.google.com/maps/place/Kent+Digital/@51.1562186;0.870104;17z/data=!3m1!4b1!4m6!3m5!1s0x47deda6a1bb5fc47:0xabd1e3bdf8aaede7!8m2!3d51.1562186!4d0.870104!16s%2Fg%2F11bzrgwf32?authuser=0,Kent Digital,34 Malvern Rd; Ashford TN24 8HX; United Kingdom,,blogs@wordpress.com,+44 7778 238157,kent-digital.co.uk,,,Tuesday    9?am–6?pm          Wednesday    9?am–6?pm          Thursday    9?am–6?pm          Friday    9?am–6?pm          Saturday    Closed          Sunday    Closed          Monday    9?am–6?pm,https://streetviewpixels-pa.googleapis.com/v1/thumbnail?panoid=Za1JN2fSvrUoQQTq6WeiRQ&cb_client=search.gws-prod.gps&w=408&h=240&yaw=350.49542&pitch=0&thumbfov=100,51.1562186,0.870104,5V4C+F2 Ashford; United Kingdom,Marketing agency
https://www.google.com/maps/place/Vaccoda/@51.3769151;-0.0194409;17z/data=!3m1!4b1!4m6!3m5!1s0x48760039b94dd6ad:0x93fa5a8802abed0b!8m2!3d51.3769151!4d-0.0194409!16s%2Fg%2F12mh4j2n0?authuser=0,Vaccoda,102 High St; West Wickham BR4 0NF; United Kingdom,,info@vaccoda.com; rob@vaccoda.com,+44 20 8776 0400,vaccodadesign.com,5,174 reviews,Tuesday    9:30?am–5:30?pm          Wednesday    9:30?am–5:30?pm          Thursday    9:30?am–5:30?pm          Friday    9:30?am–5:30?pm          Saturday    Closed          Sunday    Closed          Monday    9:30?am–5:30?pm,https://lh5.googleusercontent.com/p/AF1QipNp1Efpt9EJ7fWz3cmw55eFcH7MkOo9hvMY-R1l=w408-h272-k-no,51.3769151,-0.0194409,9XGJ+Q6 West Wickham; United Kingdom,Website designer
https://www.google.com/maps/place/Improve+My+Search+Ranking/@51.4094644;-0.0416109;17z/data=!3m1!4b1!4m6!3m5!1s0x487601cfa78f2ae3:0xf5ed45c19dac003d!8m2!3d51.4094644!4d-0.0416109!16s%2Fg%2F1hf2k3bqf?authuser=0,Improve My Search Ranking,3; 2 Thayers Farm Rd; Beckenham BR3 4LZ; United Kingdom,,hello@improvemysearchranking.com; salesteam@improvemysearchranking.com; media@improvemysearchranking.com,+44 20 3657 9111,improvemysearchranking.com,5,42 reviews,Tuesday    8?am–8:30?pm          Wednesday    8?am–6:30?pm          Thursday    8?am–8:30?pm          Friday    8?am–6:30?pm          Saturday    10?am–4?pm          Sunday    2–5?pm          Monday    8?am–8:30?pm,https://lh5.googleusercontent.com/p/AF1QipP_sQGdHIJKUQRHXIYWrLyBDnH0M6kCdQQc78bR=w408-h410-k-no,51.4094644,-0.0416109,CX55+Q9 Beckenham; United Kingdom,Internet marketing service
https://www.google.com/maps/place/Grasshopper+Web+Consulting/@51.1963962;0.7426441;9z/data=!3m1!4b1!4m6!3m5!1s0x47df45e633b15039:0xb7d565419427e57b!8m2!3d51.1963962!4d0.7426441!16s%2Fg%2F11mvg18_56?authuser=0,Grasshopper Web Consulting,,,matt@grasshopperuk.com,+44 20 7112 4866,grasshopperuk.com,,,Tuesday    9?am–5?pm          Wednesday    9?am–5?pm          Thursday    9?am–5?pm          Friday    9?am–5?pm          Saturday    Closed          Sunday    Closed          Monday    9?am–5?pm,https://lh5.googleusercontent.com/p/AF1QipMGul5A0U17IMqoGc_n4dCBcgRYBxM0Y3ZTeLDp=w408-h374-k-no,51.1963962,0.7426441,,Marketing agency
https://www.google.com/maps/place/Excalibur+Digital/@51.2733592;0.5264191;17z/data=!3m1!4b1!4m6!3m5!1s0x47d8a73094450ee3:0x993d76494abec142!8m2!3d51.2733592!4d0.5264191!16s%2Fg%2F11c7t40drx?authuser=0,Excalibur Digital,Maidstone House; The Business Terrace; King St; Maidstone ME15 6JQ; United Kingdom,,,+44 1622 535331,excaliburdigital.co.uk,5,1 review,Tuesday    9?am–5:30?pm          Wednesday    9?am–5:30?pm          Thursday    9?am–5:30?pm          Friday    9?am–5:30?pm          Saturday    Closed          Sunday    Closed          Monday    9?am–5:30?pm,https://lh5.googleusercontent.com/p/AF1QipPa-YRkK91-yvP4iWjysajTyRxFZHalu2U0Gw4K=w408-h365-k-no,51.2733592,0.5264191,7GFG+8H Maidstone; UK,Website designer
https://www.google.com/maps/place/Copia+Digital/@51.3834308;0.5168538;17z/data=!3m1!4b1!4m6!3m5!1s0x47d8cd2251eea4bf:0x5126b599c5f2adf7!8m2!3d51.3834308!4d0.5168538!16s%2Fg%2F11jb42t6td?authuser=0,Copia Digital,375 High St; Rochester; Chatham ME1 1DA; United Kingdom,,info@copiadigital.com; careers@copiadigital.com; support@copiadigital.com,+44 20 7078 3980,copiadigital.com,5,1 review,Tuesday    8?am–6?pm          Wednesday    8?am–6?pm          Thursday    8?am–6?pm          Friday    8?am–6?pm          Saturday    Closed          Sunday    Closed          Monday    8?am–6?pm,https://streetviewpixels-pa.googleapis.com/v1/thumbnail?panoid=xGnj6Y9AZ7d61TvIt52Erg&cb_client=search.gws-prod.gps&w=408&h=240&yaw=357.30905&pitch=0&thumbfov=100,51.3834308,0.5168538,9GM8+9P Chatham; United Kingdom,Website designer
https://www.google.com/maps/place/Mr+Seo/@51.5799194;0.1795954;17z/data=!3m1!4b1!4m6!3m5!1s0x47d8b103773b40e5:0x31c25be7da31f668!8m2!3d51.5799194!4d0.1795954!16s%2Fg%2F11h7r3nt36?authuser=0,Mr Seo,North House; St Edwards Way; Romford RM1 3AE; United Kingdom,,info@mr-seo.co.uk; michael@exampleagency.com; info@michaelryanseo.co.uk,+44 20 3411 4789,mr-seo.co.uk,5,29 reviews,Tuesday    9?am–6?pm          Wednesday    9?am–6?pm          Thursday    9?am–6?pm          Friday    9?am–5?pm          Saturday    Closed          Sunday    Closed          Monday    9?am–6?pm,https://lh5.googleusercontent.com/p/AF1QipM2hsNdhBtRtdKpKXHyA0ATCQnZWutkHa6MC1yC=w408-h272-k-no,51.5799194,0.1795954,H5HH+XR Romford; United Kingdom,Marketing agency
https://www.google.com/maps/place/Pillory+Barn/@51.279769;0.549178;17z/data=!3m1!4b1!4m6!3m5!1s0x47df32127b231b75:0x9c9646a432d8842d!8m2!3d51.279769!4d0.549178!16s%2Fg%2F1tjt16m4?authuser=0,Pillory Barn,The Maidstone Studios Vinters Park; New Cut Road; Maidstone ME14 5NZ; United Kingdom,,hello@pillorybarn.co.uk,+44 1622 684407,pillorybarn.co.uk,5,3 reviews,Tuesday    9?am–5?pm          Wednesday    9?am–5?pm          Thursday    9?am–5?pm          Friday    8?am–4?pm          Saturday    Closed          Sunday    Closed          Monday    9?am–5?pm,https://lh5.googleusercontent.com/p/AF1QipP5FA5SKQIVLd0xkLLIiEzYwcwPOklp8jNM5UCd=w408-h272-k-no,51.279769,0.549178,7GHX+WM Maidstone; United Kingdom,Marketing agency
https://www.google.com/maps/place/K2O+Creative/@51.2744816;0.5304577;17z/data=!3m1!4b1!4m6!3m5!1s0x47df32318a179909:0x9987d498e9d2a7bb!8m2!3d51.2744816!4d0.5304577!16s%2Fg%2F11q7kb0jt_?authuser=0,K2O Creative,3rd Floor; 10 Albion Pl; Maidstone ME14 5DZ; United Kingdom,,,+44 1732 793901,wearek2o.co.uk,5,2 reviews,Tuesday    9?am–5?pm          Wednesday    9?am–5?pm          Thursday    9?am–5?pm          Friday    9?am–5?pm          Saturday    Closed          Sunday    Closed          Monday    9?am–5?pm,https://streetviewpixels-pa.googleapis.com/v1/thumbnail?panoid=EuEFu67I-YrNeR5P5jmOvw&cb_client=search.gws-prod.gps&w=408&h=240&yaw=83.18148&pitch=0&thumbfov=100,51.2744816,0.5304577,7GFJ+Q5 Maidstone; United Kingdom,Marketing agency
https://www.google.com/maps/place/Complex+Digital/@51.1616617;0.7426441;9z/data=!3m1!4b1!4m6!3m5!1s0x47df31e9eac74d61:0x77fe93e6f4a05dbb!8m2!3d51.1616617!4d0.7426441!16s%2Fg%2F11h5rqvkdf?authuser=0,Complex Digital,,,,+44 7889 764797,complexdigital.co.uk,,,,,51.1616617,0.7426441,,Website designer
https://www.google.com/maps/place/Smart+Web+Agency/@51.1390773;0.8668308;17z/data=!3m1!4b1!4m6!3m5!1s0x47dedb3ad9f1d749:0x905b9f8f71595624!8m2!3d51.1390773!4d0.8668308!16s%2Fg%2F11qbj2ywb1?authuser=0,Smart Web Agency,4 Orchard Ct; Ashford TN23 7US; United Kingdom,,enquiry@smartwebagency.co.uk; info@smartwebagency.co.uk,+44 1233 239909,smartwebagency.co.uk,5,3 reviews,Tuesday    9?am–5:30?pm          Wednesday    9?am–5:30?pm          Thursday    9?am–5:30?pm          Friday    9?am–5:30?pm          Saturday    Closed          Sunday    Closed          Monday    9?am–5:30?pm,https://lh5.googleusercontent.com/p/AF1QipOo7lAGGr0BjZcb0oI1_qB1FeWxI1sXU1EaeMzE=w544-h240-k-no,51.1390773,0.8668308,4VQ8+JP Ashford; United Kingdom,Software company
https://www.google.com/maps/place/Xander+Marketing/@47.73855;12.5088275;4z/data=!3m1!4b1!4m6!3m5!1s0x47df313b115f2baf:0xe8f7222901d08de3!8m2!3d47.73855!4d12.5088275!16s%2Fg%2F11fk3gd2vh?authuser=0,Xander Marketing,,,hello@xandermarketing.com; careers@xandermarketing.com,+44 330 223 2770,xandermarketing.com,,,,,47.73855,12.5088275,,Marketing agency
https://www.google.com/maps/place/Avviso+Media+Ltd/@51.2738952;0.5244245;17z/data=!3m1!4b1!4m6!3m5!1s0x47df323040b25c1d:0x3d9a50aba3da704c!8m2!3d51.2738952!4d0.5244245!16s%2Fg%2F11c4bhkqq5?authuser=0,Avviso Media Ltd,The Business Terrace; King Street; Maidstone ME15 6AW; United Kingdom,,accounts@avvisomedia.com,+44 7908 185536,avvisomedia.com,,,Tuesday    8?am–8?pm          Wednesday    8?am–8?pm          Thursday    8?am–8?pm          Friday    8?am–8?pm          Saturday    8?am–8?pm          Sunday    8?am–8?pm          Monday    8?am–8?pm,https://lh5.googleusercontent.com/p/AF1QipPZXG8Gik-MNIgZbNadubZ63ohdCDjJlcGFWnF2=w408-h272-k-no,51.2738952,0.5244245,7GFF+HQ Maidstone; United Kingdom,Marketing agency
https://www.google.com/maps/place/Think+One/@51.2667942;1.1886266;17z/data=!3m1!4b1!4m6!3m5!1s0x48761bea1438e1af:0xb8ccafa7b4b7d809!8m2!3d51.2667942!4d1.1886266!16s%2Fg%2F11qnvp5z9k?authuser=0,Think One,Bramling House; Bramling; Canterbury CT3 1NB; United Kingdom,,some@email.com; info@thinkone.group,+44 1227 808040,thinkone.group,5,1 review,Tuesday    8:30?am–5:30?pm          Wednesday    8:30?am–5:30?pm          Thursday    8:30?am–5:30?pm          Friday    8:30?am–5:30?pm          Saturday    Closed          Sunday    Closed          Monday    8:30?am–5:30?pm,https://streetviewpixels-pa.googleapis.com/v1/thumbnail?panoid=xTPjpvzG06J6xX4KkrHZLg&cb_client=search.gws-prod.gps&w=408&h=240&yaw=211.12302&pitch=0&thumbfov=100,51.2667942,1.1886266,758Q+PF Canterbury; United Kingdom,Business Networking Company
https://www.google.com/maps/place/Developer+Rocket/@51.3348589;0.5492767;17z/data=!3m1!4b1!4m6!3m5!1s0x47df3367356ce1fb:0xae1206e39189b8b7!8m2!3d51.3348589!4d0.5492767!16s%2Fg%2F11ghnvv4zh?authuser=0,Developer Rocket,71 Abinger Dr; Chatham ME5 8UL; United Kingdom,,info@developerrocket.com; dan@developerrocket.com; info@mydomain.com,+44 7429 928753,developerrocket.com,5,19 reviews,Tuesday    9?am–5?pm          Wednesday    9?am–5?pm          Thursday    9?am–5?pm          Friday    9?am–5?pm          Saturday    Closed          Sunday    Closed          Monday    9?am–5?pm,https://lh5.googleusercontent.com/p/AF1QipNnbIW2TGlupK4cJITCsagvwSK1X5VvXVBEUpuc=w408-h397-k-no,51.3348589,0.5492767,8GMX+WP Chatham; United Kingdom,Website designer
https://www.google.com/maps/place/Frontier+Business+Consulting/@51.1758057;10.4541194;6z/data=!3m1!4b1!4m6!3m5!1s0x47df33b2431de23f:0x7ef1d9b5fa8df0d9!8m2!3d51.1758057!4d10.4541194!16s%2Fg%2F11f77034nr?authuser=0,Frontier Business Consulting,,,,+44 20 3745 8930,frontierconsulting.co,,,Tuesday    9?am–5:30?pm          Wednesday    9?am–5:30?pm          Thursday    9?am–5:30?pm          Friday    9?am–5:30?pm          Saturday    Closed          Sunday    Closed          Monday    9?am–5:30?pm,https://lh5.googleusercontent.com/p/AF1QipN02bSFhzkb_Q2keyE2WzV5jc8nCGEXLspkhsg2=w426-h240-k-no,51.1758057,10.4541194,,Marketing agency
https://www.google.com/maps/place/EXPRE+Digital+Ltd/@51.40125;0.0185096;17z/data=!3m1!4b1!4m6!3m5!1s0x47d8ab2a3a0c0aa1:0x6a16f45f485e0d91!8m2!3d51.40125!4d0.0185096!16s%2Fg%2F11fcny5rd8?authuser=0,EXPRE Digital Ltd,Kingfisher House; Elmfield Rd; Bromley BR1 1LT; United Kingdom,,sales@expre.co.uk; help@expre.co.uk; accounts@expre.co.uk,+44 20 8068 0360,expre.co.uk,5,3 reviews,Tuesday    9?am–5?pm          Wednesday    9?am–5?pm          Thursday    9?am–5?pm          Friday    9?am–5?pm          Saturday    Closed          Sunday    Closed          Monday    9?am–5?pm,https://lh5.googleusercontent.com/p/AF1QipNLBgo3TCIKqM9AOX454_NhPEJB9L5iLr6UniXl=w426-h240-k-no,51.40125,0.0185096,C229+GC Bromley; United Kingdom,Website designer
https://www.google.com/maps/place/Neal+Skilling/@51.2914315;0.5501501;9z/data=!3m1!4b1!4m6!3m5!1s0x47df33a76a34d6ef:0x7421d9430fb3488f!8m2!3d51.2914316!4d0.5501501!16s%2Fg%2F11nnfj3z02?authuser=0,Neal Skilling,,,info@nealskilling.com; nealskillingweb@gmail.com,,nealskilling.com,5,4 reviews,Tuesday    9?am–5:30?pm          Wednesday    9?am–5:30?pm          Thursday    9?am–5:30?pm          Friday    9?am–5:30?pm          Saturday    Closed          Sunday    Closed          Monday    9?am–5:30?pm,https://lh5.googleusercontent.com/p/AF1QipOY211gE6ZnOiGPBk7hDjl9SH25_JArGccVgcGK=w408-h408-k-no,51.2914315,0.5501501,,Website designer
https://www.google.com/maps/place/Chilliapple+Limited/@51.2070926;0.05864;17z/data=!3m1!4b1!4m6!3m5!1s0x47df57103563fb77:0x642e58f1a181fb78!8m2!3d51.2070926!4d0.05864!16s%2Fg%2F11cmlv6qgz?authuser=0,Chilliapple Limited,Eden House; Enterprise Way; Edenbridge TN8 6HF; United Kingdom,,info@chilliapple.co.uk; helena@chilliapple.co.uk,+44 1732 753101,chilliapple.co.uk,4.2,12 reviews,Tuesday    8:30?am–5?pm          Wednesday    8:30?am–5?pm          Thursday    8:30?am–5?pm          Friday    8:30?am–5?pm          Saturday    Closed          Sunday    Closed          Monday    8:30?am–5?pm,https://streetviewpixels-pa.googleapis.com/v1/thumbnail?panoid=n4QJchuOG8Yf_d_jE1yjMA&cb_client=search.gws-prod.gps&w=408&h=240&yaw=313.09027&pitch=0&thumbfov=100,51.2070926,0.05864,6345+RF Edenbridge; United Kingdom,Website designer
https://www.google.com/maps/place/Kick+Interactive/@51.2844347;0.5161072;17z/data=!3m1!4b1!4m6!3m5!1s0x47df324aea9d87e9:0xdf568e0e2b27e58b!8m2!3d51.2844347!4d0.5161072!16s%2Fg%2F11bycfswz8?authuser=0,Kick Interactive,SpringField House; Sandling Rd; Maidstone ME14 2LP; United Kingdom,,hi@wearekick.co.uk; support@wearekick.co.uk; accounts@wearekick.co.uk,+44 845 555 5425,wearekick.co.uk,5,1 review,Tuesday    8?am–5?pm          Wednesday    8?am–5?pm          Thursday    8?am–5?pm          Friday    8?am–5?pm          Saturday    Closed          Sunday    Closed          Monday    8?am–5?pm,https://streetviewpixels-pa.googleapis.com/v1/thumbnail?panoid=bPWt0y7oCFTkpdrunGdlhg&cb_client=search.gws-prod.gps&w=408&h=240&yaw=306.03345&pitch=0&thumbfov=100,51.2844347,0.5161072,7GM8+QC Maidstone; United Kingdom,Design agency
https://www.google.com/maps/place/Band+Agency/@51.2732224;0.5284129;17z/data=!3m1!4b1!4m6!3m5!1s0x47df33d3375a2a31:0x847a3973d2bd8a93!8m2!3d51.2732224!4d0.5284129!16s%2Fg%2F11hm85f3rv?authuser=0,Band Agency,90-92 King St; Maidstone ME14 1BH; United Kingdom,,,+44 20 7395 1760,band.agency,,,Tuesday    9?am–6?pm          Wednesday    9?am–6?pm          Thursday    9?am–6?pm          Friday    9?am–6?pm          Saturday    Closed          Sunday    Closed          Monday    9?am–6?pm,https://lh5.googleusercontent.com/p/AF1QipMP8uPI8q0zvsUMQnURlrqemMvOTLwB3P16PR6P=w427-h240-k-no,51.2732224,0.5284129,7GFH+79 Maidstone; United Kingdom,Marketing agency
https://www.google.com/maps/place/Pearl+Lemon/@51.527342;-0.088928;17z/data=!3m1!4b1!4m6!3m5!1s0x487604cfb336698f:0xa2f0c34a77caff33!8m2!3d51.527342!4d-0.088928!16s%2Fg%2F11cs3zlrvr?authuser=0,Pearl Lemon,Kemp House; 152 - 160 City Rd; London EC1V 2NX; United Kingdom,,,+44 20 7183 3436,pearllemon.com,4.8,165 reviews,Tuesday    Open 24 hours          Wednesday    Open 24 hours          Thursday    Open 24 hours          Friday    Open 24 hours          Saturday    Open 24 hours          Sunday    Open 24 hours          Monday    Open 24 hours,https://lh5.googleusercontent.com/p/AF1QipNPLQHZOXvQMqTklhL-hONVqg5bTNANBKoSw2mU=w408-h272-k-no,51.527342,-0.088928,GWG6+WC London; United Kingdom,Internet marketing service
https://www.google.com/maps/place/Speedie+Consultants+Limited/@51.3777866;1.3367295;17z/data=!3m1!4b1!4m6!3m5!1s0x47d95286247a2b95:0xe2955ae77a6c1f4d!8m2!3d51.3777866!4d1.3367295!16s%2Fg%2F1hc3ysq0l?authuser=0,Speedie Consultants Limited,10 College Gardens; Westgate-on-Sea CT8 8EY; United Kingdom,,,+44 1843 831088,speedieconsulting.co.uk,,,Tuesday    9?am–5?pm          Wednesday    9?am–5?pm          Thursday    9?am–5?pm          Friday    9?am–5?pm          Saturday    Closed          Sunday    Closed          Monday    9?am–5?pm,https://lh5.googleusercontent.com/p/AF1QipMfCIVeNfuMjcoch8O3RrBhyrg9MBUI3o0ig9U=w408-h271-k-no,51.3777866,1.3367295,98HP+4M Westgate-on-Sea; United Kingdom,Internet marketing service
https://www.google.com/maps/place/GeoBrand/@51.273456;0.5216314;17z/data=!3m1!4b1!4m6!3m5!1s0x47df323192971019:0xa941111bc871407a!8m2!3d51.273456!4d0.5216314!16s%2Fg%2F1ptz2vml_?authuser=0,GeoBrand,Royal Star Arcade; High Street; Maidstone ME14 1JL; United Kingdom,,hello@geobrand.co.uk,+44 1622 412123,geobrand.co.uk,4.7,15 reviews,Tuesday    9?am–5?pm          Wednesday    9?am–5?pm          Thursday    9?am–5?pm          Friday    9?am–5?pm          Saturday    Closed          Sunday    Closed          Monday    9?am–5?pm,https://lh5.googleusercontent.com/p/AF1QipOk2buhN_uDL9Uzaho1j50TdAHQ5GQYBZquT6vf=w408-h277-k-no,51.273456,0.5216314,7GFC+9M Maidstone; United Kingdom,Design agency
https://www.google.com/maps/place/Your+Creative+Friends/@51.2759635;0.49332;17z/data=!3m1!4b1!4m6!3m5!1s0x47df339d2d7c442d:0x3d2296599471ea7b!8m2!3d51.2759635!4d0.49332!16s%2Fg%2F11r97k64r6?authuser=0,Your Creative Friends,46 Roseleigh Ave; Maidstone ME16 0AS; United Kingdom,,,,yourcreativefriends.co.uk,5,8 reviews,Tuesday    9?am–5?pm          Wednesday    9?am–5?pm          Thursday    9?am–5?pm          Friday    9?am–5?pm          Saturday    Closed          Sunday    Closed          Monday    9?am–5?pm,https://streetviewpixels-pa.googleapis.com/v1/thumbnail?panoid=oYOWfkyp7JBFRnp3AKlvkw&cb_client=search.gws-prod.gps&w=408&h=240&yaw=320.7996&pitch=0&thumbfov=100,51.2759635,0.49332,7FGV+98 Maidstone; United Kingdom,Website designer
https://www.google.com/maps/place/PNDigital+SEO+Agency+London/@51.5270735;-0.0886128;17z/data=!3m1!4b1!4m6!3m5!1s0x48769b1096e9fb0f:0x20bb84479f26b7fe!8m2!3d51.5270735!4d-0.0886128!16s%2Fg%2F11ddx6f4jm?authuser=0,PNDigital SEO Agency London,Kemp House; 152 - 160 City Rd; London EC1V 2NX; United Kingdom,,info@pndigital.co.uk,+44 20 7846 0130,pndigital.co.uk,5,57 reviews,Tuesday    8:30?am–5:30?pm          Wednesday    8:30?am–5:30?pm          Thursday    8:30?am–5:30?pm          Friday    8:30?am–5:30?pm          Saturday    Closed          Sunday    Closed          Monday    8:30?am–5:30?pm,https://lh5.googleusercontent.com/p/AF1QipOSNd7My1wfpv3AMOjvvcQtWROaSumlQZC-BRdz=w408-h271-k-no,51.5270735,-0.0886128,GWG6+RH London; United Kingdom,Internet marketing service
https://www.google.com/maps/place/SEO+Services+uk/@51.1821041;0.5798042;17z/data=!3m1!4b1!4m6!3m5!1s0x47df2ff4672ab3a9:0x5ad50ceb5b377ac!8m2!3d51.1821041!4d0.5798042!16s%2Fg%2F11gblc2x26?authuser=0,SEO Services uk,Sutton Valence; Tonbridge TN12 0EG; United Kingdom,,info@webdigitalmediagroup.com; sales@webdigitalmediagroup.com,+44 7846 445419,webdigitalmediagroup.com,5,3 reviews,Tuesday    10?am–7?pm          Wednesday    10?am–7?pm          Thursday    10?am–7?pm          Friday    10?am–7?pm          Saturday    10?am–7?pm          Sunday    Open 24 hours          Monday    10?am–7?pm,,51.1821041,0.5798042,5HJH+RW Tonbridge; United Kingdom,Corporate office
https://www.google.com/maps/place/Marketing+Manager+%26+Co./@51.2745632;0.5828608;17z/data=!3m1!4b1!4m6!3m5!1s0x47df336e17deaa1b:0x4b5de1820e8b056f!8m2!3d51.2745632!4d0.5828608!16s%2Fg%2F11j0vtkh3f?authuser=0,Marketing Manager &amp; Co.,Unit 4; Bearsted Business Centre; Park; Bearsted; Maidstone ME14 4DF; United Kingdom,,hello@marketingmanagerand.co,+44 1622 730638,marketingmanagerand.co,5,2 reviews,Tuesday    9?am–5?pm          Wednesday    9?am–5?pm          Thursday    8:30?am–5?pm          Friday    8:30?am–5?pm          Saturday    Closed          Sunday    Closed          Monday    8:30?am–5?pm,https://lh5.googleusercontent.com/p/AF1QipMWmna8Hrd2nbUnpN_E73qtg_EncrBPAYflVzkS=w408-h272-k-no,51.2745632,0.5828608,7HFM+R4 Maidstone; United Kingdom,Marketing agency
https://www.google.com/maps/place/Giant+Campus/@51.079499;1.1697383;17z/data=!3m1!4b1!4m6!3m5!1s0x47debed802bc2103:0x49ab5464ef645d9b!8m2!3d51.079499!4d1.1697383!16s%2Fg%2F11cs5ssrtb?authuser=0,Giant Campus,7th Floor; Civic Centre; Castle Hill Ave; Folkestone CT20 2QY; United Kingdom,,hello@giantcampus.co.uk; nell@sleepinggiantmedia.co.uk; jobs@sleepinggiantmedia.co.uk,+44 1303 765394,giantcampus.co.uk,,,Tuesday    9?am–5:30?pm          Wednesday    9?am–5:30?pm          Thursday    9?am–5:30?pm          Friday    9?am–5:30?pm          Saturday    Closed          Sunday    Closed          Monday    9?am–5:30?pm,https://lh5.googleusercontent.com/p/AF1QipPr2YGcWCXASjM4vdikAK2g6coel52YooXiXMyU=w649-h240-k-no,51.079499,1.1697383,35H9+QV Folkestone; United Kingdom,Training provider
https://www.google.com/maps/place/Bison+Print+Ltd/@51.261458;0.5085598;17z/data=!3m1!4b1!4m6!3m5!1s0x47df33d5e206198f:0x917ac19d875267f1!8m2!3d51.261458!4d0.5085598!16s%2Fg%2F11bzzx6trb?authuser=0,Bison Print Ltd,Tovil Green Business; Maidstone ME15 6TA; United Kingdom,,hello@madebybison.co.uk; mark@madebybison.co.uk; hello@project64.co.uk,+44 1622 677541,madebybison.co.uk,5,45 reviews,Tuesday    9?am–5:30?pm          Wednesday    9?am–5:30?pm          Thursday    9?am–5:30?pm          Friday    9?am–5:30?pm          Saturday    Closed          Sunday    Closed          Monday    9?am–5:30?pm,https://lh5.googleusercontent.com/p/AF1QipN3-CH-ou4KHs_hU_t5j5ygIWgOhTw7eBD19pb2=w408-h271-k-no,51.261458,0.5085598,7G65+HC Maidstone; United Kingdom,Commercial printer
https://www.google.com/maps/place/Cohesion+Design/@51.2843658;0.5160595;17z/data=!3m1!4b1!4m6!3m5!1s0x47df4f4b9119d573:0xf1008f7ea13fc707!8m2!3d51.2843658!4d0.5160595!16s%2Fg%2F1tcw2w_w?authuser=0,Cohesion Design,Unit F12; SpringField House; Sandling Rd; Maidstone ME14 2LP; United Kingdom,,,+44 1622 807930,cohesiondesign.co.uk,,,Tuesday    9?am–5?pm          Wednesday    9?am–5?pm          Thursday    9?am–5?pm          Friday    9?am–3?pm          Saturday    Closed          Sunday    Closed          Monday    9?am–5?pm,https://lh5.googleusercontent.com/p/AF1QipMpPLcMqj7THPFN21uAoesCvoL5mrTbntst2FjU=w408-h306-k-no,51.2843658,0.5160595,7GM8+PC Maidstone; United Kingdom,Design agency
https://www.google.com/maps/place/DigitalMarketingPalace/@51.2733666;0.5265666;17z/data=!3m1!4b1!4m6!3m5!1s0x47df331a69fdcc43:0x69be2d3b395104c5!8m2!3d51.2733666!4d0.5265666!16s%2Fg%2F11fst84qcx?authuser=0,DigitalMarketingPalace,Maidstone House The Business Terrace; King St; Maidstone ME15 6JQ; United Kingdom,,marketing@digitalmarketingpalace.com,+44 1622 296251,digitalmarketingpalace.com,,,Tuesday    9?am–5?pm          Wednesday    9?am–5?pm          Thursday    9?am–5?pm          Friday    9?am–5?pm          Saturday    Closed          Sunday    Closed          Monday    9?am–5?pm,https://lh5.googleusercontent.com/p/AF1QipMOshmNv6ZYi1LPYFP90iwaqnyaYGB5yg1yZP6f=w408-h271-k-no,51.2733666,0.5265666,7GFG+8J Maidstone; United Kingdom,Advertising agency
